{
  "fx_skill_backstab": {
    "sounds": [
      "simplyskills:fx_skill_backstab"
    ]
  },
  "fx_ui_unlock": {
    "sounds": [
      "simplyskills:fx_ui_unlock"
    ]
  },
  "fx_ui_unlock2": {
    "sounds": [
      "simplyskills:fx_ui_unlock2"
    ]
  },
  "fx_ui_unlock3": {
    "sounds": [
      "simplyskills:fx_ui_unlock3"
    ]
  },
  "soundeffect_6": {
    "sounds": [
      "simplyskills:soundeffect_6"
    ]
  },
  "soundeffect_7": {
    "sounds": [
      "simplyskills:soundeffect_7"
    ]
  },
  "soundeffect_8": {
    "sounds": [
      "simplyskills:soundeffect_8"
    ]
  },
  "soundeffect_9": {
    "sounds": [
      "simplyskills:soundeffect_9"
    ]
  },
  "soundeffect_10": {
    "sounds": [
      "simplyskills:soundeffect_10"
    ]
  },
  "soundeffect_11": {
    "sounds": [
      "simplyskills:soundeffect_11"
    ]
  },
  "soundeffect_12": {
    "sounds": [
      "simplyskills:soundeffect_12"
    ]
  },
  "soundeffect_13": {
    "sounds": [
      "simplyskills:soundeffect_13"
    ]
  },
  "soundeffect_14": {
    "sounds": [
      "simplyskills:soundeffect_14"
    ]
  },
  "soundeffect_15": {
    "sounds": [
      "simplyskills:soundeffect_15"
    ]
  },
  "soundeffect_16": {
    "sounds": [
      "simplyskills:soundeffect_16"
    ]
  },
  "soundeffect_17": {
    "sounds": [
      "simplyskills:soundeffect_17"
    ]
  },
  "soundeffect_18": {
    "sounds": [
      "simplyskills:soundeffect_18"
    ]
  },
  "soundeffect_19": {
    "sounds": [
      "simplyskills:soundeffect_19"
    ]
  },
  "soundeffect_20": {
    "sounds": [
      "simplyskills:soundeffect_20"
    ]
  },
  "soundeffect_21": {
    "sounds": [
      "simplyskills:soundeffect_21"
    ]
  },
  "soundeffect_22": {
    "sounds": [
      "simplyskills:soundeffect_22"
    ]
  },
  "soundeffect_23": {
    "sounds": [
      "simplyskills:soundeffect_23"
    ]
  },
  "soundeffect_24": {
    "sounds": [
      "simplyskills:soundeffect_24"
    ]
  },
  "soundeffect_25": {
    "sounds": [
      "simplyskills:soundeffect_25"
    ]
  },
  "soundeffect_26": {
    "sounds": [
      "simplyskills:soundeffect_26"
  ]
},
  "soundeffect_27": {
    "sounds": [
      "simplyskills:soundeffect_27"
    ]
  },
  "soundeffect_28": {
    "sounds": [
      "simplyskills:soundeffect_28"
    ]
  },
  "soundeffect_29": {
    "sounds": [
      "simplyskills:soundeffect_29"
    ]
  },
  "soundeffect_30": {
    "sounds": [
      "simplyskills:soundeffect_30"
    ]
  },
  "soundeffect_31": {
    "sounds": [
      "simplyskills:soundeffect_31"
    ]
  },
  "soundeffect_32": {
    "sounds": [
      "simplyskills:soundeffect_32"
    ]
  },
  "soundeffect_33": {
    "sounds": [
      "simplyskills:soundeffect_33"
    ]
  },
  "soundeffect_34": {
    "sounds": [
      "simplyskills:soundeffect_34"
    ]
  },
  "soundeffect_35": {
    "sounds": [
      "simplyskills:soundeffect_35"
    ]
  },
  "soundeffect_36": {
    "sounds": [
      "simplyskills:soundeffect_36"
    ]
  },
  "soundeffect_37": {
    "sounds": [
      "simplyskills:soundeffect_37"
    ]
  },
  "soundeffect_38": {
    "sounds": [
      "simplyskills:soundeffect_38"
    ]
  },
  "soundeffect_39": {
    "sounds": [
      "simplyskills:soundeffect_39"
    ]
  },
  "soundeffect_40": {
    "sounds": [
      "simplyskills:soundeffect_40"
    ]
  },
  "soundeffect_41": {
    "sounds": [
      "simplyskills:soundeffect_41"
    ]
  },
  "soundeffect_42": {
    "sounds": [
      "simplyskills:soundeffect_42"
    ]
  },
  "soundeffect_43": {
    "sounds": [
      "simplyskills:soundeffect_43"
    ]
  },
  "soundeffect_44": {
    "sounds": [
      "simplyskills:soundeffect_44"
    ]
  },
  "soundeffect_45": {
    "sounds": [
      "simplyskills:soundeffect_45"
    ]
  },
  "soundeffect_46": {
    "sounds": [
      "simplyskills:soundeffect_46"
    ]
  },
  "soundeffect_47": {
    "sounds": [
      "simplyskills:soundeffect_47"
    ]
  },
  "soundeffect_48": {
    "sounds": [
      "simplyskills:soundeffect_48"
    ]
  },
  "spell_energy": {
    "sounds": [
      "simplyskills:spell_energy"
    ]
  },
  "spell_earth_punch": {
    "sounds": [
      "simplyskills:spell_earth_punch"
    ]
  },
  "spell_misc_01": {
    "sounds": [
      "simplyskills:spell_misc_01"
    ]
  },
  "spell_fireball": {
    "sounds": [
      "simplyskills:spell_fireball"
    ]
  },
  "spell_slash": {
    "sounds": [
      "simplyskills:spell_slash"
    ]
  },
  "spell_slash_02": {
    "sounds": [
      "simplyskills:spell_slash_02"
    ]
  },
  "spell_arcane_hit": {
    "sounds": [
      "simplyskills:spell_arcane_hit"
    ]
  },
  "spell_arcane_cast": {
    "sounds": [
      "simplyskills:spell_arcane_cast"
    ]
  },
  "spell_gain_barrier": {
    "sounds": [
      "simplyskills:spell_gain_barrier"
    ]
  },
  "spell_arcane_nova": {
    "sounds": [
      "simplyskills:spell_arcane_nova"
    ]
  },
  "spell_radiant_cast": {
    "sounds": [
      "simplyskills:spell_radiant_cast"
    ]
  },
  "spell_radiant_hit": {
    "sounds": [
      "simplyskills:spell_radiant_hit"
    ]
  },
  "spell_radiant_expire": {
    "sounds": [
      "simplyskills:spell_radiant_expire"
    ]
  },
  "spell_celestial_cast": {
    "sounds": [
      "simplyskills:spell_celestial_cast"
    ]
  },
  "spell_celestial_hit": {
    "sounds": [
      "simplyskills:spell_celestial_hit"
    ]
  },
  "spell_thunder_cast": {
    "sounds": [
      "simplyskills:spell_thunder_cast"
    ]
  },
  "spell_fire_cast": {
    "sounds": [
      "simplyskills:spell_fire_cast"
    ]
  },
  "spell_lightning_cast": {
    "sounds": [
      "simplyskills:spell_lightning_cast"
    ]
  }
}