{
  "school": "FIRE",
  "range": 96,
  "learn": {
    "tier": 1
  },
  "cast": {
    "duration": 0.75,
    "animation": "spell_engine:one_handed_projectile_charge",
    "sound": {
      "id": "spell_engine:generic_fire_casting",
      "randomness": 0
    },
    "particles": [
      {
        "particle_id": "spell_engine:flame",
        "shape": "PIPE",
        "origin": "FEET",
        "count": 1.0,
        "min_speed": 0.05,
        "max_speed": 0.1
      }
    ]
  },
  "release": {
    "target": {
      "type": "PROJECTILE",
      "projectile": {
        "projectile": {
          "velocity": 1.6,
          "homing_angle": 1.8,
          "client_data": {
            "travel_particles": [
              {
                "particle_id": "spell_engine:flame",
                "shape": "CIRCLE",
                "rotation": "LOOK",
                "origin": "CENTER",
                "count": 2.0,
                "min_speed": 0.05,
                "max_speed": 0.1
              },
              {
                "particle_id": "campfire_cosy_smoke",
                "shape": "CIRCLE",
                "rotation": "LOOK",
                "origin": "CENTER",
                "count": 2.0,
                "min_speed": 0.05,
                "max_speed": 0.1
              }
            ],
            "model": {
              "model_id": "simplyskills:projectile/fire_projectile",
              "render": "DEEP",
              "scale": 1
            }
          }
        }
      }
    },
    "animation": "spell_engine:one_handed_projectile_release",
    "sound": {
      "id": "simplyskills:spell_fire_cast",
      "volume": 0.2,
      "pitch": 1.4
    }
  },
  "impact": [
    {
      "action": {
        "type": "DAMAGE",
        "damage": {
          "knockback": 0.5,
          "spell_power_coefficient": 2.0
        }
      },
      "particles": [
        {
          "particle_id": "lava",
          "shape": "SPHERE",
          "origin": "CENTER",
          "count": 6,
          "min_speed": 0.2,
          "max_speed": 0.7
        }
      ],
      "sound": {
        "id": "simplyskills:soundeffect_14",
        "volume": 0.1,
        "pitch": 1.1
      }
    }
  ],
  "cost": {
    "durability": 0
  }
}