{
  "school": "FIRE",
  "range": 32.0,
  "learn": {
    "tier": 3
  },
  "cast": {
    "duration": 1,
    "animation": "spell_engine:one_handed_projectile_charge",
    "sound": {
      "id": "simplyskills:spell_misc_01",
      "randomness": 0
    },
    "particles": [
      {
        "particle_id": "spell_engine:flame",
        "shape": "PIPE",
        "origin": "FEET",
        "count": 1.0,
        "min_speed": 0.05,
        "max_speed": 0.1
      }
    ]
  },
  "release": {
    "target": {
      "type": "METEOR",
      "meteor": {
        "launch_height": 30,
        "launch_properties": {
          "velocity": 1.5,
          "extra_launch_count": 8,
          "extra_launch_delay": 14
        },
        "projectile": {
          "velocity": 1.0,
          "divergence": 15,
          "homing_angle": 1.0,
          "client_data": {
            "travel_particles": [
              {
                "particle_id": "spell_engine:flame",
                "shape": "CIRCLE",
                "rotation": "LOOK",
                "origin": "CENTER",
                "count": 3.0,
                "min_speed": 0.0,
                "max_speed": 0.1
              },
              {
                "particle_id": "smoke",
                "shape": "CIRCLE",
                "rotation": "LOOK",
                "origin": "CENTER",
                "count": 5.0,
                "min_speed": 0.1,
                "max_speed": 0.3
              },
              {
                "particle_id": "campfire_cosy_smoke",
                "shape": "CIRCLE",
                "rotation": "LOOK",
                "origin": "CENTER",
                "count": 6.0,
                "min_speed": 0.0,
                "max_speed": 0.05
              }
            ],
            "model": {
              "model_id": "simplyskills:projectile/meteor_projectile",
              "render": "DEEP",
              "scale": 1
            }
          }
        }
      }
    },
    "animation": "spell_engine:one_handed_area_release",
    "sound": {
      "id": "simplyskills:spell_misc_01",
      "volume": 1.5
    }
  },
  "impact": [
    {
      "action": {
        "type": "DAMAGE",
        "damage": {
          "spell_power_coefficient": 1.0,
          "knockback": 2
        }
      },
      "particles": [
        {
          "particle_id": "lava",
          "shape": "CIRCLE",
          "origin": "CENTER",
          "count": 3.0,
          "min_speed": 0.5,
          "max_speed": 3.0
        }
      ],
      "sound": {
        "id": "simplyskills:soundeffect_15",
        "volume": 0.1,
        "pitch": 1.5
      }
    }
  ],
  "area_impact": {
    "radius": 5,
    "area": {
      "distance_dropoff": "SQUARED"
    },
    "particles": [
      {
        "particle_id": "lava",
        "shape": "CIRCLE",
        "origin": "CENTER",
        "count": 90.0,
        "min_speed": 1.5,
        "max_speed": 6.0
      },
      {
        "particle_id": "flame",
        "shape": "SPHERE",
        "origin": "CENTER",
        "count": 100.0,
        "min_speed": 0.2,
        "max_speed": 0.4
      },
      {
        "particle_id": "smoke",
        "shape": "SPHERE",
        "origin": "CENTER",
        "count": 90.0,
        "min_speed": 0.1,
        "max_speed": 0.3
      }
    ],
    "sound": {
      "id": "simplyskills:spell_earth_punch",
      "volume": 0.5,
      "pitch": 1.8
    }
  },
  "cost": {
    "exhaust" : 0.3,
    "durability": 0
  }
}