{
  "school": "FIRE",
  "range": 32.0,
  "learn": {
    "tier": 3
  },
  "cast": {
    "duration": 1,
    "animation": "spell_engine:one_handed_projectile_charge",
    "sound": {
      "id": "spell_engine:generic_fire_casting",
      "randomness": 0
    },
    "particles": [
      {
        "particle_id": "spell_engine:flame",
        "shape": "PIPE",
        "origin": "FEET",
        "count": 3.0,
        "min_speed": 0.1,
        "max_speed": 0.3
      }
    ]
  },
  "release": {
    "target": {
      "type": "METEOR",
      "meteor": {
        "launch_height": 70,
        "launch_properties": {
          "velocity": 1.5
        },
        "projectile": {
          "velocity": 1.0,
          "divergence": 10,
          "homing_angle": 1.0,
          "client_data": {
            "travel_particles": [
              {
                "particle_id": "spell_engine:flame",
                "shape": "CIRCLE",
                "rotation": "LOOK",
                "origin": "FEET",
                "count": 9.0,
                "min_speed": 0.0,
                "max_speed": 0.4
              },
              {
                "particle_id": "smoke",
                "shape": "CIRCLE",
                "rotation": "LOOK",
                "origin": "FEET",
                "count": 10.0,
                "min_speed": 0.3,
                "max_speed": 0.6
              },
              {
                "particle_id": "campfire_cosy_smoke",
                "shape": "CIRCLE",
                "rotation": "LOOK",
                "origin": "FEET",
                "count": 12.0,
                "min_speed": 0.0,
                "max_speed": 0.1
              }
            ],
            "model": {
              "model_id": "simplyskills:projectile/meteor_projectile",
              "render": "DEEP",
              "scale": 4
            }
          }
        }
      }
    },
    "animation": "spell_engine:one_handed_area_release",
    "sound": {
      "id": "simplyskills:spell_fireball",
      "volume": 1,
      "pitch": 1.1
    }
  },
  "impact": [
    {
      "action": {
        "type": "DAMAGE",
        "damage": {
          "spell_power_coefficient": 4.0,
          "knockback": 4
        }
      },
      "particles": [
        {
          "particle_id": "lava",
          "shape": "CIRCLE",
          "origin": "FEET",
          "count": 26.0,
          "min_speed": 0.5,
          "max_speed": 12.0
        }
      ],
      "sound": {
        "id": "simplyskills:soundeffect_14",
        "volume": 0.1
      }
    }
  ],
  "area_impact": {
    "radius": 10,
    "area": {
      "distance_dropoff": "SQUARED"
    },
    "particles": [
      {
        "particle_id": "lava",
        "shape": "CIRCLE",
        "origin": "FEET",
        "count": 110.0,
        "min_speed": 3.5,
        "max_speed": 10.0
      },
      {
        "particle_id": "flame",
        "shape": "SPHERE",
        "origin": "FEET",
        "count": 120.0,
        "min_speed": 0.4,
        "max_speed": 0.6
      },
      {
        "particle_id": "smoke",
        "shape": "SPHERE",
        "origin": "FEET",
        "count": 120.0,
        "min_speed": 0.3,
        "max_speed": 0.6
      }
    ],
    "sound": {
      "id": "simplyskills:spell_earth_punch",
      "volume": 0.4,
      "pitch": 1.8
    }
  },
  "cost": {
    "exhaust" : 0.3,
    "durability": 0
  }
}