{
  "range": 3.0,
  "school": "FIRE",
  "learn": {
    "tier": 2
  },
  "cast": {
    "duration": 0.5,
    "animation": "spell_engine:one_handed_area_charge",
    "sound": {
      "id": "spell_engine:generic_fire_casting",
      "randomness": 0
    },
    "particles": [
      {
        "particle_id": "spell_engine:flame",
        "shape": "PILLAR",
        "origin": "CENTER",
        "count": 0.5,
        "min_speed": 0.1,
        "max_speed": 0.2
      }
    ]
  },
  "release": {
    "target": {
      "type": "AREA",
      "area": {
        "vertical_range_multiplier": 0.5
      }
    },
    "sound": {
      "id": "simplyskills:soundeffect_15",
      "volume": 0.5
    },
    "particles": [
      {
        "particle_id": "campfire_cosy_smoke",
        "shape": "CIRCLE",
        "origin": "CENTER",
        "count": 10.0,
        "min_speed": 0.2,
        "max_speed": 0.6
      },
      {
        "particle_id": "spell_engine:flame",
        "shape": "CIRCLE",
        "origin": "CENTER",
        "count": 20.0,
        "min_speed": 0.5,
        "max_speed": 0.9
      }
    ]
  },
  "impact": [
    {
      "action": {
        "type": "DAMAGE",
        "damage": {
          "spell_power_coefficient": 1.2
        }
      },
      "particles": [
        {
          "particle_id": "spell_engine:flame",
          "shape": "SPHERE",
          "origin": "CENTER",
          "count": 30.0,
          "min_speed": 0.2,
          "max_speed": 0.7
        }
      ],
      "sound": {
        "id": "simplyskills:soundeffect_32",
        "volume": 0.2
      }
    }
  ],
  "cost": {
    "durability": 0
  }
}