{
  "school": "LIGHTNING",
  "range": 96,
  "learn": {
    "tier": 1
  },
  "cast": {
    "duration": 0.75,
    "animation": "spell_engine:one_handed_projectile_charge",
    "sound": {
      "id": "spell_engine:generic_fire_casting",
      "randomness": 0
    },
    "particles": [
      {
        "particle_id": "spell_engine:holy_spark",
        "angle": 40,
        "shape": "CONE",
        "rotation": "LOOK",
        "origin": "LAUNCH_POINT",
        "count": 9.0,
        "min_speed": 1,
        "max_speed": 1
      }
    ]
  },
  "release": {
    "target": {
      "type": "PROJECTILE",
      "projectile": {
        "projectile": {
          "velocity": 8.8,
          "homing_angle": 10.1,
          "client_data": {
            "travel_particles": [
              {
                "particle_id": "spell_engine:holy_spark",
                "shape": "CIRCLE",
                "rotation": "LOOK",
                "origin": "CENTER",
                "count": 0.0,
                "min_speed": 0.01,
                "max_speed": 0.05
              }
            ],
            "model": {
              "model_id": "minecraft:sea_lantern",
              "render": "DEEP",
              "scale": 0.0
            }
          }
        }
      }
    },
    "animation": "spell_engine:one_handed_projectile_release",
    "sound": {
      "id": "simplyskills:soundeffect_35",
      "volume": 0.2,
      "pitch": 1.1
    }
  },
  "impact": [
    {
      "action": {
        "type": "DAMAGE",
        "damage": {
          "knockback": 0.5,
          "spell_power_coefficient": 0.8
        }
      },
      "particles": [
        {
          "particle_id": "spell_engine:holy_spark",
          "shape": "SPHERE",
          "origin": "CENTER",
          "count": 10,
          "min_speed": 0.02,
          "max_speed": 0.07
        },
        {
          "particle_id": "cloud",
          "shape": "SPHERE",
          "origin": "CENTER",
          "count": 3,
          "min_speed": 0.01,
          "max_speed": 0.02
        }
      ],
      "sound": {
        "id": "simplyskills:soundeffect_35",
        "volume": 0.2
      }
    }
  ],
  "cost": {
    "durability": 0
  }
}