{
  "school": "PHYSICAL_MELEE",
  "range": 16,
  "learn": {
    "tier": 3
  },
  "cast": {
    "duration": 0.5,
    "animation": "spell_engine:one_handed_projectile_charge",
    "sound": {
      "id": "spell_engine:generic_healing_casting",
      "randomness": 0
    },
    "particles": [
      {
        "particle_id": "spell_engine:holy_spark_mini",
        "shape": "PIPE",
        "origin": "FEET",
        "count": 1.0,
        "min_speed": 0.05,
        "max_speed": 0.1
      }
    ]
  },
  "release": {
    "target": {
      "type": "METEOR",
      "meteor": {
        "launch_height": 10,
        "projectile": {
          "homing_angle": 1.0,
          "client_data": {
            "travel_particles": [
              {
                "particle_id": "spell_engine:holy_spark",
                "shape": "CIRCLE",
                "rotation": "LOOK",
                "origin": "CENTER",
                "count": 5.0,
                "min_speed": 0.0,
                "max_speed": 0.1
              },
              {
                "particle_id": "spell_engine:holy_spark_mini",
                "shape": "CIRCLE",
                "rotation": "LOOK",
                "origin": "CENTER",
                "count": 4.0,
                "min_speed": 0.0,
                "max_speed": 0.1
              }
            ],
            "model": {
              "model_id": "paladins:projectile/judgement",
              "light_emission": "RADIATE",
              "scale": 1.2
            }
          }
        }
      }
    },
    "animation": "spell_engine:one_handed_area_release",
    "sound": {
      "id": "spell_engine:generic_healing_release"
    }
  },
  "impact": [
    {
      "action": {
        "type": "DAMAGE",
        "damage": {
          "spell_power_coefficient": 0.3
        }
      },
      "particles": [
        {
          "particle_id": "spell_engine:holy_hit",
          "shape": "SPHERE",
          "origin": "CENTER",
          "count": 25.0,
          "min_speed": 0.2,
          "max_speed": 1.0
        }
      ]
    },
    {
      "action": {
        "type": "STATUS_EFFECT",
        "status_effect": {
          "effect_id": "simplyskills:revealed",
          "duration": 3,
          "apply_mode": "ADD",
          "apply_limit": {
            "health_base": 50,
            "spell_power_multiplier": 2
          },
          "show_particles": false
        }
      }
    }
  ],
  "area_impact": {
    "radius": 6,
    "area": {
      "distance_dropoff": "SQUARED"
    },
    "particles": [
      {
        "particle_id": "spell_engine:holy_spark",
        "shape": "SPHERE",
        "origin": "CENTER",
        "count": 100.0,
        "min_speed": 0.4,
        "max_speed": 0.5
      },
      {
        "particle_id": "spell_engine:holy_spark_mini",
        "shape": "SPHERE",
        "origin": "CENTER",
        "count": 100.0,
        "min_speed": 0.2,
        "max_speed": 0.4
      },
      {
        "particle_id": "smoke",
        "shape": "SPHERE",
        "origin": "CENTER",
        "count": 50.0,
        "min_speed": 0.1,
        "max_speed": 0.3
      }
    ],
    "sound": {
      "id": "paladins:judgement_impact",
      "volume": 1.5
    }
  },
  "cost": {
  }
}