{
  "school": "HEALING",
  "range": 42,
  "learn": {
    "tier": 1
  },
  "cast": {
    "duration": 0.75,
    "animation": "spell_engine:one_handed_projectile_charge",
    "sound": {
      "id": "spell_engine:generic_healing_casting",
      "randomness": 0
    },
    "particles": [
      {
        "particle_id": "spell_engine:holy_spark_mini",
        "shape": "SPHERE",
        "origin": "CENTER",
        "count": 5.0,
        "min_speed": 0.02,
        "max_speed": 0.05
      }
    ]
  },
  "release": {
    "target": {
      "type": "PROJECTILE",
      "projectile": {
        "projectile": {
          "velocity": 2.6,
          "homing_angle": 99.1,
          "client_data": {
            "travel_particles": [
              {
                "particle_id": "spell_engine:holy_spark_mini",
                "shape": "SPHERE",
                "origin": "CENTER",
                "count": 3.0,
                "min_speed": 0.01,
                "max_speed": 0.03
              },
              {
                "particle_id": "spell_engine:healing_ascend",
                "shape": "SPHERE",
                "origin": "CENTER",
                "count": 2.0,
                "min_speed": 0.01,
                "max_speed": 0.02
              }
            ],
            "model": {
              "model_id": "minecraft:sea_lantern",
              "render": "DEEP",
              "light_emission": "RADIATE",
              "scale": 0.0
            }
          }
        }
      }
    },
    "animation": "spell_engine:one_handed_projectile_release",
    "sound": {
      "id": "simplyskills:soundeffect_35",
      "volume": 0.2,
      "pitch": 1.1
    }
  },
  "impact": [
    {
      "action": {
        "type": "HEAL",
        "damage": {
          "spell_power_coefficient": 0.2
        }
      },
      "particles": [
        {
          "particle_id": "spell_engine:healing_ascend",
          "shape": "SPHERE",
          "origin": "CENTER",
          "count": 10,
          "min_speed": 0.02,
          "max_speed": 0.07
        }
      ],
      "sound": {
        "id": "simplyskills:soundeffect_35",
        "volume": 0.2
      }
    }
  ],
  "cost": {
    "durability": 0
  }
}