{
  "school": "SOUL",
  "range": 256,
  "learn": {
    "tier": 1
  },
  "cast": {
    "duration": 0.75,
    "animation": "spell_engine:one_handed_projectile_charge",
    "sound": {
      "id": "spell_engine:generic_arcane_casting",
      "randomness": 0
    },
    "particles": [
      {
        "particle_id": "spell_engine:arcane_spell",
        "shape": "PIPE",
        "origin": "FEET",
        "count": 1.0,
        "min_speed": 0.05,
        "max_speed": 0.1
      }
    ]
  },
  "release": {
    "target": {
      "type": "PROJECTILE",
      "projectile": {
        "projectile": {
          "velocity": 0.8,
          "homing_angle": 4,
          "client_data": {
            "travel_particles": [
              {
                "particle_id": "soul",
                "shape": "CIRCLE",
                "rotation": "LOOK",
                "origin": "CENTER",
                "count": 2.0,
                "min_speed": 0.05,
                "max_speed": 0.1
              }
            ],
            "model": {
              "model_id": "minecraft:amethyst_block",
              "render": "DEEP",
              "scale": 0.2
            }
          }
        }
      }
    },
    "animation": "spell_engine:one_handed_projectile_release",
    "sound": {
      "id": "simplyskills:soundeffect_39",
      "volume": 0.4
    }
  },
  "impact": [
    {
      "action": {
        "type": "DAMAGE",
        "damage": {
          "knockback": 0.6,
          "spell_power_coefficient": 1.6
        }
      },
      "particles": [
        {
          "particle_id": "sculk_soul",
          "shape": "SPHERE",
          "origin": "CENTER",
          "count": 40,
          "min_speed": 0.2,
          "max_speed": 0.7
        }
      ],
      "sound": {
        "id": "simplyskills:soundeffect_32",
        "volume": 0.2
      }
    }
  ],
  "cost": {
    "durability": 0
  }
}