{
  "school": "LIGHTNING",
  "range": 16,
  "learn": {
    "tier": 2
  },
  "cast": {
    "duration": 1.5,
    "sound": {
      "id": "simplyskills:soundeffect_32",
      "volume": 0.2,
      "randomness": 0
    },
    "particles": [
      {
        "particle_id": "spell_engine:holy_spark",
        "shape": "PIPE",
        "origin": "FEET",
        "count": 1.0,
        "min_speed": 0.05,
        "max_speed": 0.1
      }
    ]
  },
  "release": {
    "target": {
      "type": "CURSOR",
      "cursor": { }
    }
  },
  "impact": [
    {
      "action": {
        "type": "DAMAGE",
        "damage": {
          "knockback": 0.0,
          "spell_power_coefficient": 0.9
        }
      },
      "particles": [
        {
          "particle_id": "spell_engine:holy_spark",
          "shape": "SPHERE",
          "origin": "CENTER",
          "count": 15,
          "min_speed": 0.02,
          "max_speed": 0.07
        },
        {
          "particle_id": "firework",
          "shape": "SPHERE",
          "origin": "CENTER",
          "count": 10,
          "min_speed": 0.05,
          "max_speed": 0.02
        }
      ],
      "sound": {
        "id": "simplyskills:soundeffect_35",
        "volume": 0.3
      }
    },
    {
      "action": {
        "type": "STATUS_EFFECT",
        "status_effect": {
          "apply_mode": "ADD",
          "duration": 6,
          "amplifier": 1,
          "effect_id": "minecraft:weakness"
        },
        "apply_to_caster": false
      }
    }
  ],
  "cost": {
    "durability": 0
  }
}