{
	"a3ns9xl58ixdg2lo": {
		"definition": "rangerSignatureArrowRain",
		"x": 0,
		"y": -32,
		"root": false
	},
	"is053f9imz801s57": {
		"definition": "rangerSignatureDisengage",
		"x": 32,
		"y": 0,
		"root": false
	},
	"kp8uei8ppni71b5x": {
		"definition": "rangerSignatureElementalArrows",
		"x": -32,
		"y": 0,
		"root": false
	},
	"yftatjo9vwzf5vpw": {
		"definition": "rangerSignatureArrowRainElemental",
		"x": -32,
		"y": -128,
		"root": false
	},
	"l6feffzr1kt6i2ds": {
		"definition": "rangerSignatureArrowRainEplosive",
		"x": 32,
		"y": -128,
		"root": false
	},
	"b9sdl3i5pk4c8yor": {
		"definition": "rangerSignatureArrowRainVolley+",
		"x": -64,
		"y": -96,
		"root": false
	},
	"kj4gdess10vmmu1h": {
		"definition": "rangerSignatureArrowRainVolley++",
		"x": -96,
		"y": -128,
		"root": false
	},
	"67krnm60doqj0ukv": {
		"definition": "rangerSignatureArrowRainVolley+++",
		"x": -128,
		"y": -160,
		"root": false
	},
	"idjy8souppms30mf": {
		"definition": "ranged_damage_multi+2%",
		"x": -160,
		"y": -192,
		"root": false
	},
	"7gtk26uaf6fzugyx": {
		"definition": "rangerSignatureArrowRainRadius+",
		"x": 64,
		"y": -96,
		"root": false
	},
	"12p6g36kjjd9cihs": {
		"definition": "rangerSignatureArrowRainRadius++",
		"x": 96,
		"y": -128,
		"root": false
	},
	"b6ys22j75bek89z8": {
		"definition": "rangerSignatureArrowRainRadius+++",
		"x": 128,
		"y": -160,
		"root": false
	},
	"1we55v28z2p5ug9t": {
		"definition": "ranged_damage_multi+2%",
		"x": 160,
		"y": -192,
		"root": false
	},
	"ov9mp25y08ouk5jj": {
		"definition": "spell_fire_damage_multi+1%",
		"x": -96,
		"y": -64,
		"root": false
	},
	"6bycgdo9shmo7et7": {
		"definition": "rangerSignatureElementalArrowsFireAttuned",
		"x": -128,
		"y": -64,
		"root": false
	},
	"f4xxv7jkv3jznaxd": {
		"definition": "spell_frost_damage_multi+1%",
		"x": -128,
		"y": 0,
		"root": false
	},
	"ivyp2p1jp6ip5w0q": {
		"definition": "rangerSignatureElementalArrowsFrostAttuned",
		"x": -160,
		"y": 0,
		"root": false
	},
	"qsxd036xrayyrfz7": {
		"definition": "spell_lightning_damage_multi+1%",
		"x": -96,
		"y": 64,
		"root": false
	},
	"7747tky4ka5hid0r": {
		"definition": "rangerSignatureElementalArrowsLightningAttuned",
		"x": -128,
		"y": 64,
		"root": false
	},
	"jyjchp0ewoqq2n9w": {
		"definition": "rangerSignatureElementalArrowsRadius+",
		"x": -128,
		"y": 32,
		"root": false
	},
	"c27k3khjocrzi77a": {
		"definition": "rangerSignatureElementalArrowsRadius++",
		"x": -160,
		"y": 32,
		"root": false
	},
	"7fcjbknbz80nqnmc": {
		"definition": "rangerSignatureElementalArrowsRadius+++",
		"x": -192,
		"y": 32,
		"root": false
	},
	"nho6njv0e6ngyea0": {
		"definition": "rangerSignatureElementalArrowsStacks+",
		"x": -128,
		"y": -32,
		"root": false
	},
	"jyzyi0dx8elgb4fl": {
		"definition": "rangerSignatureElementalArrowsStacks++",
		"x": -160,
		"y": -32,
		"root": false
	},
	"14riqlyv2efrldoq": {
		"definition": "rangerSignatureElementalArrowsStacks+++",
		"x": -192,
		"y": -32,
		"root": false
	},
	"aizxxvc9fwqnpq60": {
		"definition": "rangerSignatureElementalArrowsRenewal",
		"x": -224,
		"y": 0,
		"root": false
	},
	"t5c5gzcskng8b8cz": {
		"definition": "rangerSignatureDisengageExploitation",
		"x": 256,
		"y": -32,
		"root": false
	},
	"dr852odvrafemtmw": {
		"definition": "rangerSignatureDisengageRecuperate",
		"x": 256,
		"y": 32,
		"root": false
	},
	"5kcs5b8ne9c30zwn": {
		"definition": "health+2",
		"x": 224,
		"y": 0,
		"root": false
	},
	"ybvq1ijnytlldmmy": {
		"definition": "melee_damage+1%",
		"x": 128,
		"y": -32,
		"root": false
	},
	"inctw0dlvdx7wrf0": {
		"definition": "melee_damage+1%",
		"x": 160,
		"y": -32,
		"root": false
	},
	"xb84xgtz2cynhxe2": {
		"definition": "melee_damage+1%",
		"x": 192,
		"y": -32,
		"root": false
	},
	"4q8hsjuia145trv7": {
		"definition": "ranged_damage+1%",
		"x": 128,
		"y": 32,
		"root": false
	},
	"7i77726t2uhbe1oh": {
		"definition": "ranged_damage+1%",
		"x": 192,
		"y": 32,
		"root": false
	},
	"9hqz9uonnud6t9rw": {
		"definition": "ranged_damage+1%",
		"x": 160,
		"y": 32,
		"root": false
	},
	"1sd5kv4wi1ylacx8": {
		"definition": "ranged_damage_multi+2%",
		"x": 192,
		"y": 64,
		"root": false
	},
	"ydcjvatyvt2o7etu": {
		"definition": "melee_damage_multi+2%",
		"x": 192,
		"y": -64,
		"root": false
	},
	"fau41sxkpniul48c": {
		"definition": "rangerSignatureDisengageMarksman",
		"x": 256,
		"y": 0,
		"root": false
	},
	"p6lop7crezd63qxz": {
		"definition": "spell_crit_chance_multi+1%",
		"x": -64,
		"y": 0,
		"root": false
	},
	"k06w5rl36bw6ltdw": {
		"definition": "ranged_damage_multi+2%",
		"x": 0,
		"y": -64,
		"root": false
	},
	"qerw03l9ypwl67cl": {
		"definition": "movement_speed_multi+1.5%",
		"x": 64,
		"y": 0,
		"root": false
	},
	"ntl6t82dx4trymtz": {
		"definition": "movement_speed_multi+1.5%",
		"x": 0,
		"y": 0,
		"root": true
	},
	"fv9u51en0gnr42sg": {
		"definition": "rangerReveal",
		"x": -64,
		"y": 128,
		"root": false
	},
	"8qujpjd26hnzorvc": {
		"definition": "rangerTamer",
		"x": -32,
		"y": 128,
		"root": false
	},
	"p3nyz0ovok45zgdd": {
		"definition": "rangerBonded",
		"x": 0,
		"y": 128,
		"root": false
	},
	"kp8fomkuvt4mo5rx": {
		"definition": "rangerTrained",
		"x": 32,
		"y": 128,
		"root": false
	},
	"yx0lq81aedw5u765": {
		"definition": "rangerIncognito",
		"x": 64,
		"y": 128,
		"root": false
	},
	"jj2x90x4mspo7o00": {
		"definition": "jump_multi+2%",
		"x": 0,
		"y": 32,
		"root": false
	},
	"sgyyljazgqavx43g": {
		"definition": "rangerSignatureArrowRainElementalArtillery",
		"x": -64,
		"y": -160,
		"root": false
	}
}