{
	"enabled": true,
	"experience_per_level": {
		"type": "expression",
		"data": {
			"expression": "(((level + 1) ^ 3) / ((level + 1) * 1.08)) + 250"
		}
	},
	"sources": [
		{
			"type": "puffish_skills:kill_entity",
			"data": {
				"parameters": {
					"dropped_xp": {
						"type": "entity_dropped_experience"
					},
					"max_health": {
						"type": "entity_max_health"
					}
				},
				"experience": [
					{
						"expression": "dropped_xp + max_health / 20"
					}
				],
				"anti_farming": {
					"enabled": true,
					"limit_per_chunk": 15,
					"reset_after_seconds": 300
				}
			}
		}
	]
}