{
	"a3ns9xl58ixdg2lo": {
		"definition": "berserkerSignatureBloodthirsty",
		"x": 0,
		"y": -32,
		"root": false
	},
	"is053f9imz801s57": {
		"definition": "berserkerSignatureBerserking",
		"x": 32,
		"y": 0,
		"root": false
	},
	"kp8uei8ppni71b5x": {
		"definition": "berserkerSignatureRampage",
		"x": -32,
		"y": 0,
		"root": false
	},
	"7ehcxvpa776xcy51": {
		"definition": "health+2",
		"x": 32,
		"y": 96,
		"root": false
	},
	"ftetccexo20abf0m": {
		"definition": "melee_damage_multi+2%",
		"x": -32,
		"y": 96,
		"root": false
	},
	"su4sszhl1j15e42a": {
		"definition": "health+2",
		"x": 64,
		"y": 96,
		"root": false
	},
	"xkwzbexxmoz9tf60": {
		"definition": "berserkerSignatureRampageCharge",
		"x": -64,
		"y": 0,
		"root": false
	},
	"xsak3gay0v3z4inb": {
		"definition": "berserkerSignatureRampageChargeRelentless",
		"x": -64,
		"y": 32,
		"root": false
	},
	"ipbguvfzpm9nvg8j": {
		"definition": "berserkerSignatureRampageChargeImmob",
		"x": -64,
		"y": -32,
		"root": false
	},
	"sistiph4u2wuydzp": {
		"definition": "berserkerSignatureBerserkingLeap",
		"x": 64,
		"y": 0,
		"root": false
	},
	"cdbv71rvffagxjvo": {
		"definition": "berserkerSignatureBerserkingLeapImmob",
		"x": 64,
		"y": 32,
		"root": false
	},
	"9d9t6hnhyc248jy0": {
		"definition": "berserkerSignatureBerserkingLeapPull",
		"x": 64,
		"y": -32,
		"root": false
	},
	"1gd45mne4etmyrl1": {
		"definition": "berserkerSignatureBloodthirstyMighty",
		"x": 0,
		"y": -64,
		"root": false
	},
	"ps3dowdkawsjwezw": {
		"definition": "berserkerSignatureBloodthirstyTireless",
		"x": -32,
		"y": -64,
		"root": false
	},
	"ai60rd7n2gyc6sui": {
		"definition": "berserkerSignatureBloodthirstyTremor",
		"x": 32,
		"y": -64,
		"root": false
	},
	"1jxua1ewarhgwsqc": {
		"definition": "berserkerSwordMastery",
		"x": -64,
		"y": 96,
		"root": false
	},
	"xtg8vi8jq27oldaf": {
		"definition": "berserkerSwordMasteryProficient",
		"x": -96,
		"y": 128,
		"root": false
	},
	"332gej0dze54k9e5": {
		"definition": "berserkerSwordMasterySkilled",
		"x": -128,
		"y": 160,
		"root": false
	},
	"lcu7iijs0154p3kn": {
		"definition": "berserkerAxeMastery",
		"x": -32,
		"y": 128,
		"root": false
	},
	"cebgaybo8l8n5ned": {
		"definition": "berserkerAxeMasteryProficient",
		"x": -64,
		"y": 160,
		"root": false
	},
	"f0ccx88f3n1jia44": {
		"definition": "berserkerAxeMasterySkilled",
		"x": -96,
		"y": 192,
		"root": false
	},
	"3lk07z8aix5nre3m": {
		"definition": "berserkerIgnorePain",
		"x": 32,
		"y": 128,
		"root": false
	},
	"7lz4qiw9gyl6jn9f": {
		"definition": "berserkerIgnorePainProficient",
		"x": 64,
		"y": 160,
		"root": false
	},
	"z36r69d3rz8gp9yr": {
		"definition": "berserkerIgnorePainSkilled",
		"x": 96,
		"y": 192,
		"root": false
	},
	"lt43usrmbd29eumq": {
		"definition": "berserkerChallenge",
		"x": 96,
		"y": 128,
		"root": false
	},
	"umngr6xphan4ab80": {
		"definition": "berserkerExploit",
		"x": 128,
		"y": 160,
		"root": false
	},
	"3vjk31efdt0gdohk": {
		"definition": "health+2",
		"x": 0,
		"y": 0,
		"root": true
	}
}