{
	"a3ns9xl58ixdg2lo": {
		"definition": "crusaderSignatureHeavensmithsCall",
		"x": 0,
		"y": -32,
		"root": false
	},
	"is053f9imz801s57": {
		"definition": "crusaderSignatureConsecration",
		"x": 32,
		"y": 0,
		"root": false
	},
	"kp8uei8ppni71b5x": {
		"definition": "crusaderSignatureSacredOnslaught",
		"x": -32,
		"y": 0,
		"root": false
	},
	"xsak3gay0v3z4inb": {
		"definition": "crusaderSignatureSacredOnslaughtHeal",
		"x": -128,
		"y": -64,
		"root": false
	},
	"ipbguvfzpm9nvg8j": {
		"definition": "crusaderSignatureSacredOnslaughtDefend",
		"x": -160,
		"y": -32,
		"root": false
	},
	"cdbv71rvffagxjvo": {
		"definition": "crusaderSignatureConsecrationMighty",
		"x": 128,
		"y": -64,
		"root": false
	},
	"9d9t6hnhyc248jy0": {
		"definition": "crusaderSignatureConsecrationSpellforged",
		"x": 160,
		"y": 0,
		"root": false
	},
	"1gd45mne4etmyrl1": {
		"definition": "crusaderSignatureHeavensmithsCallEffect",
		"x": 0,
		"y": -128,
		"root": false
	},
	"4rmb8nu7b0iogk54": {
		"definition": "crusaderAegis",
		"x": 0,
		"y": 64,
		"root": false
	},
	"jx3mz6cj3x6pav5l": {
		"definition": "crusaderRetribution",
		"x": -32,
		"y": 64,
		"root": false
	},
	"zv95vb80wc1dysx9": {
		"definition": "crusaderExhaustiveRecovery",
		"x": 32,
		"y": 64,
		"root": false
	},
	"4p70f1lw2j9ogrvz": {
		"definition": "crusaderSignatureConsecrationWard",
		"x": 160,
		"y": 32,
		"root": false
	},
	"lumiaobsxfeefc2g": {
		"definition": "crusaderSignatureConsecrationTaunt",
		"x": 128,
		"y": 64,
		"root": false
	},
	"vq2yx5g5wqatozfj": {
		"definition": "crusaderSignatureConsecrationDuration",
		"x": 160,
		"y": -32,
		"root": false
	},
	"rmjv991vg9onqmrw": {
		"definition": "crusaderSignatureSacredOnslaughtMighty",
		"x": -128,
		"y": 64,
		"root": false
	},
	"sp16ctx7bbkpd4bz": {
		"definition": "crusaderSignatureSacredOnslaughtStun",
		"x": -160,
		"y": 32,
		"root": false
	},
	"u2ukao7v37zmiyxe": {
		"definition": "crusaderSignatureHeavensmithsCallTaunt",
		"x": -64,
		"y": -128,
		"root": false
	},
	"tc1tmlw0t5e0ieuw": {
		"definition": "crusaderSignatureHeavensmithsCallMark",
		"x": 64,
		"y": -128,
		"root": false
	},
	"pv9qamft1cecuw43": {
		"definition": "crusaderSignatureHeavensmithsCallEffectExhaust",
		"x": -32,
		"y": -160,
		"root": false
	},
	"aqir5hfk5syii7t6": {
		"definition": "crusaderSignatureHeavensmithsCallEffectMighty",
		"x": 32,
		"y": -160,
		"root": false
	},
	"kzj431vrpy8f109q": {
		"definition": "health+2",
		"x": 0,
		"y": 0,
		"root": true
	},
	"es2agw9qqqv6ayu4": {
		"definition": "health+2",
		"x": 64,
		"y": 0,
		"root": false
	},
	"v84xz68i7bvphs14": {
		"definition": "spell_healing_power_multi+1%",
		"x": 64,
		"y": 32,
		"root": false
	},
	"oe71a8ur5veqof1h": {
		"definition": "spell_healing_power_multi+1%",
		"x": 64,
		"y": -32,
		"root": false
	},
	"llccr2ypb9jaf1i6": {
		"definition": "melee_damage_multi+2%",
		"x": -32,
		"y": -64,
		"root": false
	},
	"cglzhcyqtmxacfq7": {
		"definition": "melee_damage_multi+2%",
		"x": 32,
		"y": -64,
		"root": false
	},
	"dxm1jy26l20wypsz": {
		"definition": "stamina_multi+7%",
		"x": 0,
		"y": -64,
		"root": false
	},
	"ri5kp04lrc1qxtx9": {
		"definition": "resistance_multi+2%",
		"x": -64,
		"y": 0,
		"root": false
	},
	"uv9k7kv3aqbzfr64": {
		"definition": "health+2",
		"x": -64,
		"y": -32,
		"root": false
	},
	"p68bkrnaaagohu81": {
		"definition": "stamina_multi+7%",
		"x": -64,
		"y": 32,
		"root": false
	}
}