{
	"credit": "Made by Sweenus using Blockbench",
	"texture_size": [64, 64],
	"textures": {
		"0": "simplyskills:item/effect/barrier",
		"particle": "simplyskills:item/effect/barrier"
	},
	"elements": [
		{
			"name": "base",
			"from": [0, 0, 0],
			"to": [16, 31, 16],
			"faces": {
				"north": {"uv": [0, 0, 4, 7.75], "texture": "#0"},
				"east": {"uv": [4, 0, 8, 7.75], "texture": "#0"},
				"south": {"uv": [0, 7.75, 4, 15.5], "texture": "#0"},
				"west": {"uv": [4, 7.75, 8, 15.5], "texture": "#0"},
				"up": {"uv": [12, 4, 8, 0], "texture": "#0"},
				"down": {"uv": [12, 4, 8, 8], "texture": "#0"}
			}
		}
	]
}