{
	"credit": "Made by Sweenus using Blockbench",
	"textures": {
		"0": "simplyskills:item/effect/immobilize",
		"1": "simplyskills:item/effect/immobilize_thorn",
		"particle": "simplyskills:item/effect/immobilize"
	},
	"elements": [
		{
			"from": [0, 0, 0],
			"to": [3, 3, 3],
			"faces": {
				"north": {"uv": [0, 0, 0.75, 0.75], "texture": "#0"},
				"east": {"uv": [0, 0.75, 0.75, 1.5], "texture": "#0"},
				"south": {"uv": [0.75, 0, 1.5, 0.75], "texture": "#0"},
				"west": {"uv": [0.75, 0.75, 1.5, 1.5], "texture": "#0"},
				"up": {"uv": [0.75, 2.25, 0, 1.5], "texture": "#0"},
				"down": {"uv": [2.25, 0, 1.5, 0.75], "texture": "#0"}
			}
		},
		{
			"from": [13, 0, 0],
			"to": [16, 3, 3],
			"faces": {
				"north": {"uv": [0.75, 1.5, 1.5, 2.25], "texture": "#0"},
				"east": {"uv": [1.5, 0.75, 2.25, 1.5], "texture": "#0"},
				"south": {"uv": [1.5, 1.5, 2.25, 2.25], "texture": "#0"},
				"west": {"uv": [0, 2.25, 0.75, 3], "texture": "#0"},
				"up": {"uv": [3, 0.75, 2.25, 0], "texture": "#0"},
				"down": {"uv": [1.5, 2.25, 0.75, 3], "texture": "#0"}
			}
		},
		{
			"from": [11, 1, 2],
			"to": [14, 4, 5],
			"faces": {
				"north": {"uv": [2.25, 0.75, 3, 1.5], "texture": "#0"},
				"east": {"uv": [1.5, 2.25, 2.25, 3], "texture": "#0"},
				"south": {"uv": [2.25, 1.5, 3, 2.25], "texture": "#0"},
				"west": {"uv": [2.25, 2.25, 3, 3], "texture": "#0"},
				"up": {"uv": [0.75, 3.75, 0, 3], "texture": "#0"},
				"down": {"uv": [3.75, 0, 3, 0.75], "texture": "#0"}
			}
		},
		{
			"from": [9, 2, 3],
			"to": [12, 5, 6],
			"faces": {
				"north": {"uv": [0.75, 3, 1.5, 3.75], "texture": "#0"},
				"east": {"uv": [3, 0.75, 3.75, 1.5], "texture": "#0"},
				"south": {"uv": [1.5, 3, 2.25, 3.75], "texture": "#0"},
				"west": {"uv": [3, 1.5, 3.75, 2.25], "texture": "#0"},
				"up": {"uv": [3, 3.75, 2.25, 3], "texture": "#0"},
				"down": {"uv": [3.75, 2.25, 3, 3], "texture": "#0"}
			}
		},
		{
			"from": [10, 2, 6],
			"to": [13, 5, 9],
			"faces": {
				"north": {"uv": [3, 3, 3.75, 3.75], "texture": "#0"},
				"east": {"uv": [0, 3.75, 0.75, 4.5], "texture": "#0"},
				"south": {"uv": [3.75, 0, 4.5, 0.75], "texture": "#0"},
				"west": {"uv": [0.75, 3.75, 1.5, 4.5], "texture": "#0"},
				"up": {"uv": [4.5, 1.5, 3.75, 0.75], "texture": "#0"},
				"down": {"uv": [2.25, 3.75, 1.5, 4.5], "texture": "#0"}
			}
		},
		{
			"from": [11, 0, 8],
			"to": [14, 3, 11],
			"faces": {
				"north": {"uv": [3.75, 1.5, 4.5, 2.25], "texture": "#0"},
				"east": {"uv": [2.25, 3.75, 3, 4.5], "texture": "#0"},
				"south": {"uv": [3.75, 2.25, 4.5, 3], "texture": "#0"},
				"west": {"uv": [3, 3.75, 3.75, 4.5], "texture": "#0"},
				"up": {"uv": [4.5, 3.75, 3.75, 3], "texture": "#0"},
				"down": {"uv": [4.5, 3.75, 3.75, 4.5], "texture": "#0"}
			}
		},
		{
			"from": [1, 3, 1],
			"to": [4, 6, 4],
			"faces": {
				"north": {"uv": [0, 4.5, 0.75, 5.25], "texture": "#0"},
				"east": {"uv": [4.5, 0, 5.25, 0.75], "texture": "#0"},
				"south": {"uv": [0.75, 4.5, 1.5, 5.25], "texture": "#0"},
				"west": {"uv": [4.5, 0.75, 5.25, 1.5], "texture": "#0"},
				"up": {"uv": [2.25, 5.25, 1.5, 4.5], "texture": "#0"},
				"down": {"uv": [5.25, 1.5, 4.5, 2.25], "texture": "#0"}
			}
		},
		{
			"from": [4, 3, 3],
			"to": [7, 6, 6],
			"faces": {
				"north": {"uv": [2.25, 4.5, 3, 5.25], "texture": "#0"},
				"east": {"uv": [4.5, 2.25, 5.25, 3], "texture": "#0"},
				"south": {"uv": [3, 4.5, 3.75, 5.25], "texture": "#0"},
				"west": {"uv": [4.5, 3, 5.25, 3.75], "texture": "#0"},
				"up": {"uv": [4.5, 5.25, 3.75, 4.5], "texture": "#0"},
				"down": {"uv": [5.25, 3.75, 4.5, 4.5], "texture": "#0"}
			}
		},
		{
			"from": [5, 2, 6],
			"to": [8, 5, 9],
			"faces": {
				"north": {"uv": [4.5, 4.5, 5.25, 5.25], "texture": "#0"},
				"east": {"uv": [0, 5.25, 0.75, 6], "texture": "#0"},
				"south": {"uv": [5.25, 0, 6, 0.75], "texture": "#0"},
				"west": {"uv": [0.75, 5.25, 1.5, 6], "texture": "#0"},
				"up": {"uv": [6, 1.5, 5.25, 0.75], "texture": "#0"},
				"down": {"uv": [2.25, 5.25, 1.5, 6], "texture": "#0"}
			}
		},
		{
			"from": [4, 1, 9],
			"to": [7, 4, 12],
			"faces": {
				"north": {"uv": [5.25, 1.5, 6, 2.25], "texture": "#0"},
				"east": {"uv": [2.25, 5.25, 3, 6], "texture": "#0"},
				"south": {"uv": [5.25, 2.25, 6, 3], "texture": "#0"},
				"west": {"uv": [3, 5.25, 3.75, 6], "texture": "#0"},
				"up": {"uv": [6, 3.75, 5.25, 3], "texture": "#0"},
				"down": {"uv": [4.5, 5.25, 3.75, 6], "texture": "#0"}
			}
		},
		{
			"from": [3, 0, 12],
			"to": [6, 3, 15],
			"faces": {
				"north": {"uv": [5.25, 3.75, 6, 4.5], "texture": "#0"},
				"east": {"uv": [4.5, 5.25, 5.25, 6], "texture": "#0"},
				"south": {"uv": [5.25, 4.5, 6, 5.25], "texture": "#0"},
				"west": {"uv": [5.25, 5.25, 6, 6], "texture": "#0"},
				"up": {"uv": [0.75, 6.75, 0, 6], "texture": "#0"},
				"down": {"uv": [6.75, 0, 6, 0.75], "texture": "#0"}
			}
		},
		{
			"from": [13, 0, 13],
			"to": [16, 3, 16],
			"faces": {
				"north": {"uv": [0.75, 6, 1.5, 6.75], "texture": "#0"},
				"east": {"uv": [6, 0.75, 6.75, 1.5], "texture": "#0"},
				"south": {"uv": [1.5, 6, 2.25, 6.75], "texture": "#0"},
				"west": {"uv": [6, 1.5, 6.75, 2.25], "texture": "#0"},
				"up": {"uv": [3, 6.75, 2.25, 6], "texture": "#0"},
				"down": {"uv": [6.75, 2.25, 6, 3], "texture": "#0"}
			}
		},
		{
			"from": [12, 3, 12],
			"to": [15, 6, 15],
			"faces": {
				"north": {"uv": [3, 6, 3.75, 6.75], "texture": "#0"},
				"east": {"uv": [6, 3, 6.75, 3.75], "texture": "#0"},
				"south": {"uv": [3.75, 6, 4.5, 6.75], "texture": "#0"},
				"west": {"uv": [6, 3.75, 6.75, 4.5], "texture": "#0"},
				"up": {"uv": [5.25, 6.75, 4.5, 6], "texture": "#0"},
				"down": {"uv": [6.75, 4.5, 6, 5.25], "texture": "#0"}
			}
		},
		{
			"from": [11, 4, 9],
			"to": [14, 7, 12],
			"faces": {
				"north": {"uv": [5.25, 6, 6, 6.75], "texture": "#0"},
				"east": {"uv": [6, 5.25, 6.75, 6], "texture": "#0"},
				"south": {"uv": [6, 6, 6.75, 6.75], "texture": "#0"},
				"west": {"uv": [0, 6.75, 0.75, 7.5], "texture": "#0"},
				"up": {"uv": [7.5, 0.75, 6.75, 0], "texture": "#0"},
				"down": {"uv": [1.5, 6.75, 0.75, 7.5], "texture": "#0"}
			}
		},
		{
			"from": [8, 5, 8],
			"to": [11, 8, 11],
			"faces": {
				"north": {"uv": [6.75, 0.75, 7.5, 1.5], "texture": "#0"},
				"east": {"uv": [1.5, 6.75, 2.25, 7.5], "texture": "#0"},
				"south": {"uv": [6.75, 1.5, 7.5, 2.25], "texture": "#0"},
				"west": {"uv": [2.25, 6.75, 3, 7.5], "texture": "#0"},
				"up": {"uv": [7.5, 3, 6.75, 2.25], "texture": "#0"},
				"down": {"uv": [3.75, 6.75, 3, 7.5], "texture": "#0"}
			}
		},
		{
			"from": [5, 6, 7],
			"to": [8, 9, 10],
			"faces": {
				"north": {"uv": [6.75, 3, 7.5, 3.75], "texture": "#0"},
				"east": {"uv": [3.75, 6.75, 4.5, 7.5], "texture": "#0"},
				"south": {"uv": [6.75, 3.75, 7.5, 4.5], "texture": "#0"},
				"west": {"uv": [4.5, 6.75, 5.25, 7.5], "texture": "#0"},
				"up": {"uv": [7.5, 5.25, 6.75, 4.5], "texture": "#0"},
				"down": {"uv": [6, 6.75, 5.25, 7.5], "texture": "#0"}
			}
		},
		{
			"from": [2, 5, 7],
			"to": [5, 8, 10],
			"faces": {
				"north": {"uv": [6.75, 5.25, 7.5, 6], "texture": "#0"},
				"east": {"uv": [6, 6.75, 6.75, 7.5], "texture": "#0"},
				"south": {"uv": [6.75, 6, 7.5, 6.75], "texture": "#0"},
				"west": {"uv": [6.75, 6.75, 7.5, 7.5], "texture": "#0"},
				"up": {"uv": [0.75, 8.25, 0, 7.5], "texture": "#0"},
				"down": {"uv": [8.25, 0, 7.5, 0.75], "texture": "#0"}
			}
		},
		{
			"from": [1, 2, 7],
			"to": [4, 5, 10],
			"faces": {
				"north": {"uv": [0.75, 7.5, 1.5, 8.25], "texture": "#0"},
				"east": {"uv": [7.5, 0.75, 8.25, 1.5], "texture": "#0"},
				"south": {"uv": [1.5, 7.5, 2.25, 8.25], "texture": "#0"},
				"west": {"uv": [7.5, 1.5, 8.25, 2.25], "texture": "#0"},
				"up": {"uv": [3, 8.25, 2.25, 7.5], "texture": "#0"},
				"down": {"uv": [8.25, 2.25, 7.5, 3], "texture": "#0"}
			}
		},
		{
			"from": [0, 0, 6],
			"to": [3, 3, 9],
			"faces": {
				"north": {"uv": [3, 7.5, 3.75, 8.25], "texture": "#0"},
				"east": {"uv": [7.5, 3, 8.25, 3.75], "texture": "#0"},
				"south": {"uv": [3.75, 7.5, 4.5, 8.25], "texture": "#0"},
				"west": {"uv": [7.5, 3.75, 8.25, 4.5], "texture": "#0"},
				"up": {"uv": [5.25, 8.25, 4.5, 7.5], "texture": "#0"},
				"down": {"uv": [8.25, 4.5, 7.5, 5.25], "texture": "#0"}
			}
		},
		{
			"from": [-1, 1, 7],
			"to": [0, 2, 8],
			"faces": {
				"north": {"uv": [0, 0, 1, 1], "texture": "#1"},
				"east": {"uv": [0, 1, 1, 2], "texture": "#1"},
				"south": {"uv": [1, 0, 2, 1], "texture": "#1"},
				"west": {"uv": [1, 1, 2, 2], "texture": "#1"},
				"up": {"uv": [1, 3, 0, 2], "texture": "#1"},
				"down": {"uv": [3, 0, 2, 1], "texture": "#1"}
			}
		},
		{
			"from": [-1, 1, 2],
			"to": [0, 2, 3],
			"faces": {
				"north": {"uv": [0, 0, 1, 1], "texture": "#1"},
				"east": {"uv": [0, 1, 1, 2], "texture": "#1"},
				"south": {"uv": [1, 0, 2, 1], "texture": "#1"},
				"west": {"uv": [1, 1, 2, 2], "texture": "#1"},
				"up": {"uv": [1, 3, 0, 2], "texture": "#1"},
				"down": {"uv": [3, 0, 2, 1], "texture": "#1"}
			}
		},
		{
			"from": [1, 0, -1],
			"to": [2, 1, 0],
			"faces": {
				"north": {"uv": [0, 0, 1, 1], "texture": "#1"},
				"east": {"uv": [0, 1, 1, 2], "texture": "#1"},
				"south": {"uv": [1, 0, 2, 1], "texture": "#1"},
				"west": {"uv": [1, 1, 2, 2], "texture": "#1"},
				"up": {"uv": [1, 3, 0, 2], "texture": "#1"},
				"down": {"uv": [3, 0, 2, 1], "texture": "#1"}
			}
		},
		{
			"from": [1, 2, 5],
			"to": [2, 3, 6],
			"faces": {
				"north": {"uv": [0, 0, 1, 1], "texture": "#1"},
				"east": {"uv": [0, 1, 1, 2], "texture": "#1"},
				"south": {"uv": [1, 0, 2, 1], "texture": "#1"},
				"west": {"uv": [1, 1, 2, 2], "texture": "#1"},
				"up": {"uv": [1, 3, 0, 2], "texture": "#1"},
				"down": {"uv": [3, 0, 2, 1], "texture": "#1"}
			}
		},
		{
			"from": [1, 4, 4],
			"to": [2, 5, 5],
			"faces": {
				"north": {"uv": [0, 0, 1, 1], "texture": "#1"},
				"east": {"uv": [0, 1, 1, 2], "texture": "#1"},
				"south": {"uv": [1, 0, 2, 1], "texture": "#1"},
				"west": {"uv": [1, 1, 2, 2], "texture": "#1"},
				"up": {"uv": [1, 3, 0, 2], "texture": "#1"},
				"down": {"uv": [3, 0, 2, 1], "texture": "#1"}
			}
		},
		{
			"from": [2, 3, 10],
			"to": [3, 4, 11],
			"faces": {
				"north": {"uv": [0, 0, 1, 1], "texture": "#1"},
				"east": {"uv": [0, 1, 1, 2], "texture": "#1"},
				"south": {"uv": [1, 0, 2, 1], "texture": "#1"},
				"west": {"uv": [1, 1, 2, 2], "texture": "#1"},
				"up": {"uv": [1, 3, 0, 2], "texture": "#1"},
				"down": {"uv": [3, 0, 2, 1], "texture": "#1"}
			}
		},
		{
			"from": [1, 6, 8],
			"to": [2, 7, 9],
			"faces": {
				"north": {"uv": [0, 0, 1, 1], "texture": "#1"},
				"east": {"uv": [0, 1, 1, 2], "texture": "#1"},
				"south": {"uv": [1, 0, 2, 1], "texture": "#1"},
				"west": {"uv": [1, 1, 2, 2], "texture": "#1"},
				"up": {"uv": [1, 3, 0, 2], "texture": "#1"},
				"down": {"uv": [3, 0, 2, 1], "texture": "#1"}
			}
		},
		{
			"from": [3, 7, 6],
			"to": [4, 8, 7],
			"faces": {
				"north": {"uv": [0, 0, 1, 1], "texture": "#1"},
				"east": {"uv": [0, 1, 1, 2], "texture": "#1"},
				"south": {"uv": [1, 0, 2, 1], "texture": "#1"},
				"west": {"uv": [1, 1, 2, 2], "texture": "#1"},
				"up": {"uv": [1, 3, 0, 2], "texture": "#1"},
				"down": {"uv": [3, 0, 2, 1], "texture": "#1"}
			}
		},
		{
			"from": [6, 6, 10],
			"to": [7, 7, 11],
			"faces": {
				"north": {"uv": [0, 0, 1, 1], "texture": "#1"},
				"east": {"uv": [0, 1, 1, 2], "texture": "#1"},
				"south": {"uv": [1, 0, 2, 1], "texture": "#1"},
				"west": {"uv": [1, 1, 2, 2], "texture": "#1"},
				"up": {"uv": [1, 3, 0, 2], "texture": "#1"},
				"down": {"uv": [3, 0, 2, 1], "texture": "#1"}
			}
		},
		{
			"from": [6, 9, 8],
			"to": [7, 10, 9],
			"faces": {
				"north": {"uv": [0, 0, 1, 1], "texture": "#1"},
				"east": {"uv": [0, 1, 1, 2], "texture": "#1"},
				"south": {"uv": [1, 0, 2, 1], "texture": "#1"},
				"west": {"uv": [1, 1, 2, 2], "texture": "#1"},
				"up": {"uv": [1, 3, 0, 2], "texture": "#1"},
				"down": {"uv": [3, 0, 2, 1], "texture": "#1"}
			}
		},
		{
			"from": [9, 8, 10],
			"to": [10, 9, 11],
			"faces": {
				"north": {"uv": [0, 0, 1, 1], "texture": "#1"},
				"east": {"uv": [0, 1, 1, 2], "texture": "#1"},
				"south": {"uv": [1, 0, 2, 1], "texture": "#1"},
				"west": {"uv": [1, 1, 2, 2], "texture": "#1"},
				"up": {"uv": [1, 3, 0, 2], "texture": "#1"},
				"down": {"uv": [3, 0, 2, 1], "texture": "#1"}
			}
		},
		{
			"from": [9, 6, 7],
			"to": [10, 7, 8],
			"faces": {
				"north": {"uv": [0, 0, 1, 1], "texture": "#1"},
				"east": {"uv": [0, 1, 1, 2], "texture": "#1"},
				"south": {"uv": [1, 0, 2, 1], "texture": "#1"},
				"west": {"uv": [1, 1, 2, 2], "texture": "#1"},
				"up": {"uv": [1, 3, 0, 2], "texture": "#1"},
				"down": {"uv": [3, 0, 2, 1], "texture": "#1"}
			}
		},
		{
			"from": [12, 6, 8],
			"to": [13, 7, 9],
			"faces": {
				"north": {"uv": [0, 0, 1, 1], "texture": "#1"},
				"east": {"uv": [0, 1, 1, 2], "texture": "#1"},
				"south": {"uv": [1, 0, 2, 1], "texture": "#1"},
				"west": {"uv": [1, 1, 2, 2], "texture": "#1"},
				"up": {"uv": [1, 3, 0, 2], "texture": "#1"},
				"down": {"uv": [3, 0, 2, 1], "texture": "#1"}
			}
		},
		{
			"from": [14, 5, 10],
			"to": [15, 6, 11],
			"faces": {
				"north": {"uv": [0, 0, 1, 1], "texture": "#1"},
				"east": {"uv": [0, 1, 1, 2], "texture": "#1"},
				"south": {"uv": [1, 0, 2, 1], "texture": "#1"},
				"west": {"uv": [1, 1, 2, 2], "texture": "#1"},
				"up": {"uv": [1, 3, 0, 2], "texture": "#1"},
				"down": {"uv": [3, 0, 2, 1], "texture": "#1"}
			}
		},
		{
			"from": [13, 4, 15],
			"to": [14, 5, 16],
			"faces": {
				"north": {"uv": [0, 0, 1, 1], "texture": "#1"},
				"east": {"uv": [0, 1, 1, 2], "texture": "#1"},
				"south": {"uv": [1, 0, 2, 1], "texture": "#1"},
				"west": {"uv": [1, 1, 2, 2], "texture": "#1"},
				"up": {"uv": [1, 3, 0, 2], "texture": "#1"},
				"down": {"uv": [3, 0, 2, 1], "texture": "#1"}
			}
		},
		{
			"from": [15, 1, 16],
			"to": [16, 2, 17],
			"faces": {
				"north": {"uv": [0, 0, 1, 1], "texture": "#1"},
				"east": {"uv": [0, 1, 1, 2], "texture": "#1"},
				"south": {"uv": [1, 0, 2, 1], "texture": "#1"},
				"west": {"uv": [1, 1, 2, 2], "texture": "#1"},
				"up": {"uv": [1, 3, 0, 2], "texture": "#1"},
				"down": {"uv": [3, 0, 2, 1], "texture": "#1"}
			}
		},
		{
			"from": [16, 1, 13],
			"to": [17, 2, 14],
			"faces": {
				"north": {"uv": [0, 0, 1, 1], "texture": "#1"},
				"east": {"uv": [0, 1, 1, 2], "texture": "#1"},
				"south": {"uv": [1, 0, 2, 1], "texture": "#1"},
				"west": {"uv": [1, 1, 2, 2], "texture": "#1"},
				"up": {"uv": [1, 3, 0, 2], "texture": "#1"},
				"down": {"uv": [3, 0, 2, 1], "texture": "#1"}
			}
		},
		{
			"from": [14, 1, 9],
			"to": [15, 2, 10],
			"faces": {
				"north": {"uv": [0, 0, 1, 1], "texture": "#1"},
				"east": {"uv": [0, 1, 1, 2], "texture": "#1"},
				"south": {"uv": [1, 0, 2, 1], "texture": "#1"},
				"west": {"uv": [1, 1, 2, 2], "texture": "#1"},
				"up": {"uv": [1, 3, 0, 2], "texture": "#1"},
				"down": {"uv": [3, 0, 2, 1], "texture": "#1"}
			}
		},
		{
			"from": [11, 1, 11],
			"to": [12, 2, 12],
			"faces": {
				"north": {"uv": [0, 0, 1, 1], "texture": "#1"},
				"east": {"uv": [0, 1, 1, 2], "texture": "#1"},
				"south": {"uv": [1, 0, 2, 1], "texture": "#1"},
				"west": {"uv": [1, 1, 2, 2], "texture": "#1"},
				"up": {"uv": [1, 3, 0, 2], "texture": "#1"},
				"down": {"uv": [3, 0, 2, 1], "texture": "#1"}
			}
		},
		{
			"from": [7, 2, 10],
			"to": [8, 3, 11],
			"faces": {
				"north": {"uv": [0, 0, 1, 1], "texture": "#1"},
				"east": {"uv": [0, 1, 1, 2], "texture": "#1"},
				"south": {"uv": [1, 0, 2, 1], "texture": "#1"},
				"west": {"uv": [1, 1, 2, 2], "texture": "#1"},
				"up": {"uv": [1, 3, 0, 2], "texture": "#1"},
				"down": {"uv": [3, 0, 2, 1], "texture": "#1"}
			}
		},
		{
			"from": [5, 4, 11],
			"to": [6, 5, 12],
			"faces": {
				"north": {"uv": [0, 0, 1, 1], "texture": "#1"},
				"east": {"uv": [0, 1, 1, 2], "texture": "#1"},
				"south": {"uv": [1, 0, 2, 1], "texture": "#1"},
				"west": {"uv": [1, 1, 2, 2], "texture": "#1"},
				"up": {"uv": [1, 3, 0, 2], "texture": "#1"},
				"down": {"uv": [3, 0, 2, 1], "texture": "#1"}
			}
		},
		{
			"from": [5, 6, 4],
			"to": [6, 7, 5],
			"faces": {
				"north": {"uv": [0, 0, 1, 1], "texture": "#1"},
				"east": {"uv": [0, 1, 1, 2], "texture": "#1"},
				"south": {"uv": [1, 0, 2, 1], "texture": "#1"},
				"west": {"uv": [1, 1, 2, 2], "texture": "#1"},
				"up": {"uv": [1, 3, 0, 2], "texture": "#1"},
				"down": {"uv": [3, 0, 2, 1], "texture": "#1"}
			}
		},
		{
			"from": [6, 6, 6],
			"to": [7, 7, 7],
			"faces": {
				"north": {"uv": [0, 0, 1, 1], "texture": "#1"},
				"east": {"uv": [0, 1, 1, 2], "texture": "#1"},
				"south": {"uv": [1, 0, 2, 1], "texture": "#1"},
				"west": {"uv": [1, 1, 2, 2], "texture": "#1"},
				"up": {"uv": [1, 3, 0, 2], "texture": "#1"},
				"down": {"uv": [3, 0, 2, 1], "texture": "#1"}
			}
		},
		{
			"from": [5, 4, 2],
			"to": [6, 5, 3],
			"faces": {
				"north": {"uv": [0, 0, 1, 1], "texture": "#1"},
				"east": {"uv": [0, 1, 1, 2], "texture": "#1"},
				"south": {"uv": [1, 0, 2, 1], "texture": "#1"},
				"west": {"uv": [1, 1, 2, 2], "texture": "#1"},
				"up": {"uv": [1, 3, 0, 2], "texture": "#1"},
				"down": {"uv": [3, 0, 2, 1], "texture": "#1"}
			}
		},
		{
			"from": [2, 4, 0],
			"to": [3, 5, 1],
			"faces": {
				"north": {"uv": [0, 0, 1, 1], "texture": "#1"},
				"east": {"uv": [0, 1, 1, 2], "texture": "#1"},
				"south": {"uv": [1, 0, 2, 1], "texture": "#1"},
				"west": {"uv": [1, 1, 2, 2], "texture": "#1"},
				"up": {"uv": [1, 3, 0, 2], "texture": "#1"},
				"down": {"uv": [3, 0, 2, 1], "texture": "#1"}
			}
		},
		{
			"from": [3, 1, 1],
			"to": [4, 2, 2],
			"faces": {
				"north": {"uv": [0, 0, 1, 1], "texture": "#1"},
				"east": {"uv": [0, 1, 1, 2], "texture": "#1"},
				"south": {"uv": [1, 0, 2, 1], "texture": "#1"},
				"west": {"uv": [1, 1, 2, 2], "texture": "#1"},
				"up": {"uv": [1, 3, 0, 2], "texture": "#1"},
				"down": {"uv": [3, 0, 2, 1], "texture": "#1"}
			}
		},
		{
			"from": [11, 2, 1],
			"to": [12, 3, 2],
			"faces": {
				"north": {"uv": [0, 0, 1, 1], "texture": "#1"},
				"east": {"uv": [0, 1, 1, 2], "texture": "#1"},
				"south": {"uv": [1, 0, 2, 1], "texture": "#1"},
				"west": {"uv": [1, 1, 2, 2], "texture": "#1"},
				"up": {"uv": [1, 3, 0, 2], "texture": "#1"},
				"down": {"uv": [3, 0, 2, 1], "texture": "#1"}
			}
		},
		{
			"from": [8, 3, 3],
			"to": [9, 4, 4],
			"faces": {
				"north": {"uv": [0, 0, 1, 1], "texture": "#1"},
				"east": {"uv": [0, 1, 1, 2], "texture": "#1"},
				"south": {"uv": [1, 0, 2, 1], "texture": "#1"},
				"west": {"uv": [1, 1, 2, 2], "texture": "#1"},
				"up": {"uv": [1, 3, 0, 2], "texture": "#1"},
				"down": {"uv": [3, 0, 2, 1], "texture": "#1"}
			}
		},
		{
			"from": [16, 1, 1],
			"to": [17, 2, 2],
			"faces": {
				"north": {"uv": [0, 0, 1, 1], "texture": "#1"},
				"east": {"uv": [0, 1, 1, 2], "texture": "#1"},
				"south": {"uv": [1, 0, 2, 1], "texture": "#1"},
				"west": {"uv": [1, 1, 2, 2], "texture": "#1"},
				"up": {"uv": [1, 3, 0, 2], "texture": "#1"},
				"down": {"uv": [3, 0, 2, 1], "texture": "#1"}
			}
		},
		{
			"from": [13, 4, 6],
			"to": [14, 5, 7],
			"faces": {
				"north": {"uv": [0, 0, 1, 1], "texture": "#1"},
				"east": {"uv": [0, 1, 1, 2], "texture": "#1"},
				"south": {"uv": [1, 0, 2, 1], "texture": "#1"},
				"west": {"uv": [1, 1, 2, 2], "texture": "#1"},
				"up": {"uv": [1, 3, 0, 2], "texture": "#1"},
				"down": {"uv": [3, 0, 2, 1], "texture": "#1"}
			}
		},
		{
			"from": [12, 4, 3],
			"to": [13, 5, 4],
			"faces": {
				"north": {"uv": [0, 0, 1, 1], "texture": "#1"},
				"east": {"uv": [0, 1, 1, 2], "texture": "#1"},
				"south": {"uv": [1, 0, 2, 1], "texture": "#1"},
				"west": {"uv": [1, 1, 2, 2], "texture": "#1"},
				"up": {"uv": [1, 3, 0, 2], "texture": "#1"},
				"down": {"uv": [3, 0, 2, 1], "texture": "#1"}
			}
		},
		{
			"from": [10, 5, 5],
			"to": [11, 6, 6],
			"faces": {
				"north": {"uv": [0, 0, 1, 1], "texture": "#1"},
				"east": {"uv": [0, 1, 1, 2], "texture": "#1"},
				"south": {"uv": [1, 0, 2, 1], "texture": "#1"},
				"west": {"uv": [1, 1, 2, 2], "texture": "#1"},
				"up": {"uv": [1, 3, 0, 2], "texture": "#1"},
				"down": {"uv": [3, 0, 2, 1], "texture": "#1"}
			}
		},
		{
			"from": [7, 4, 4],
			"to": [8, 5, 5],
			"faces": {
				"north": {"uv": [0, 0, 1, 1], "texture": "#1"},
				"east": {"uv": [0, 1, 1, 2], "texture": "#1"},
				"south": {"uv": [1, 0, 2, 1], "texture": "#1"},
				"west": {"uv": [1, 1, 2, 2], "texture": "#1"},
				"up": {"uv": [1, 3, 0, 2], "texture": "#1"},
				"down": {"uv": [3, 0, 2, 1], "texture": "#1"}
			}
		},
		{
			"from": [4, 1, 15],
			"to": [5, 2, 16],
			"faces": {
				"north": {"uv": [0, 0, 1, 1], "texture": "#1"},
				"east": {"uv": [0, 1, 1, 2], "texture": "#1"},
				"south": {"uv": [1, 0, 2, 1], "texture": "#1"},
				"west": {"uv": [1, 1, 2, 2], "texture": "#1"},
				"up": {"uv": [1, 3, 0, 2], "texture": "#1"},
				"down": {"uv": [3, 0, 2, 1], "texture": "#1"}
			}
		},
		{
			"from": [2, 2, 13],
			"to": [3, 3, 14],
			"faces": {
				"north": {"uv": [0, 0, 1, 1], "texture": "#1"},
				"east": {"uv": [0, 1, 1, 2], "texture": "#1"},
				"south": {"uv": [1, 0, 2, 1], "texture": "#1"},
				"west": {"uv": [1, 1, 2, 2], "texture": "#1"},
				"up": {"uv": [1, 3, 0, 2], "texture": "#1"},
				"down": {"uv": [3, 0, 2, 1], "texture": "#1"}
			}
		},
		{
			"from": [11, 3, 13],
			"to": [12, 4, 14],
			"faces": {
				"north": {"uv": [0, 0, 1, 1], "texture": "#1"},
				"east": {"uv": [0, 1, 1, 2], "texture": "#1"},
				"south": {"uv": [1, 0, 2, 1], "texture": "#1"},
				"west": {"uv": [1, 1, 2, 2], "texture": "#1"},
				"up": {"uv": [1, 3, 0, 2], "texture": "#1"},
				"down": {"uv": [3, 0, 2, 1], "texture": "#1"}
			}
		},
		{
			"from": [9, 4, 9],
			"to": [10, 5, 10],
			"faces": {
				"north": {"uv": [0, 0, 1, 1], "texture": "#1"},
				"east": {"uv": [0, 1, 1, 2], "texture": "#1"},
				"south": {"uv": [1, 0, 2, 1], "texture": "#1"},
				"west": {"uv": [1, 1, 2, 2], "texture": "#1"},
				"up": {"uv": [1, 3, 0, 2], "texture": "#1"},
				"down": {"uv": [3, 0, 2, 1], "texture": "#1"}
			}
		}
	],
	"groups": [
		{
			"name": "vine_base",
			"origin": [8, 8, 8],
			"color": 0,
			"nbt": "{}",
			"children": [0, 1, 2, 3, 4, 5, 6, 7, 8, 9, 10, 11, 12, 13, 14, 15, 16, 17, 18]
		},
		{
			"name": "thorns",
			"origin": [8, 8, 8],
			"color": 0,
			"nbt": "{}",
			"children": [19, 20, 21, 22, 23, 24, 25, 26, 27, 28, 29, 30, 31, 32, 33, 34, 35, 36, 37, 38, 39, 40, 41, 42, 43, 44, 45, 46, 47, 48, 49, 50, 51, 52, 53, 54, 55]
		}
	]
}