{
	"credit": "Made by Sweenus using Blockbench",
	"texture_size": [64, 64],
	"textures": {
		"0": "simplyskills:item/effect/undying",
		"particle": "simplyskills:item/effect/undying"
	},
	"elements": [
		{
			"from": [5, 15, 4.5],
			"to": [7, 17, 6.5],
			"rotation": {"angle": -22.5, "axis": "y", "origin": [6, 16, 5.5]},
			"faces": {
				"north": {"uv": [6.5, 0.5, 7, 1], "texture": "#0"},
				"east": {"uv": [6.5, 1, 7, 1.5], "texture": "#0"},
				"south": {"uv": [1.25, 6.5, 1.75, 7], "texture": "#0"},
				"west": {"uv": [6.5, 1.5, 7, 2], "texture": "#0"},
				"up": {"uv": [2.25, 7, 1.75, 6.5], "texture": "#0"},
				"down": {"uv": [2.75, 6.5, 2.25, 7], "texture": "#0"}
			}
		},
		{
			"from": [3, 16, 4.5],
			"to": [5, 18, 6.5],
			"rotation": {"angle": -22.5, "axis": "y", "origin": [6, 16, 5.5]},
			"faces": {
				"north": {"uv": [6.5, 3.5, 7, 4], "texture": "#0"},
				"east": {"uv": [5, 6.5, 5.5, 7], "texture": "#0"},
				"south": {"uv": [5.5, 6.5, 6, 7], "texture": "#0"},
				"west": {"uv": [6.5, 6, 7, 6.5], "texture": "#0"},
				"up": {"uv": [7, 7, 6.5, 6.5], "texture": "#0"},
				"down": {"uv": [1, 6.75, 0.5, 7.25], "texture": "#0"}
			}
		},
		{
			"from": [1, 16, 4.5],
			"to": [3, 19, 6.5],
			"rotation": {"angle": -22.5, "axis": "y", "origin": [6, 16, 5.5]},
			"faces": {
				"north": {"uv": [5, 5, 5.5, 5.75], "texture": "#0"},
				"east": {"uv": [0, 5.5, 0.5, 6.25], "texture": "#0"},
				"south": {"uv": [0.5, 5.5, 1, 6.25], "texture": "#0"},
				"west": {"uv": [1, 5.5, 1.5, 6.25], "texture": "#0"},
				"up": {"uv": [7.25, 2.5, 6.75, 2], "texture": "#0"},
				"down": {"uv": [7.25, 2.5, 6.75, 3], "texture": "#0"}
			}
		},
		{
			"from": [-8, 18, 4.5],
			"to": [1, 20, 6.5],
			"rotation": {"angle": -22.5, "axis": "y", "origin": [6, 16, 5.5]},
			"faces": {
				"north": {"uv": [3.5, 0.5, 5.75, 1], "texture": "#0"},
				"east": {"uv": [6.75, 3, 7.25, 3.5], "texture": "#0"},
				"south": {"uv": [3.5, 1, 5.75, 1.5], "texture": "#0"},
				"west": {"uv": [6.75, 4, 7.25, 4.5], "texture": "#0"},
				"up": {"uv": [5.75, 2, 3.5, 1.5], "texture": "#0"},
				"down": {"uv": [5, 3.5, 2.75, 4], "texture": "#0"}
			}
		},
		{
			"from": [-9, 20, 4.5],
			"to": [-1, 22, 6.5],
			"rotation": {"angle": -22.5, "axis": "y", "origin": [6, 16, 5.5]},
			"faces": {
				"north": {"uv": [0, 4, 2, 4.5], "texture": "#0"},
				"east": {"uv": [6.75, 4.5, 7.25, 5], "texture": "#0"},
				"south": {"uv": [2, 4, 4, 4.5], "texture": "#0"},
				"west": {"uv": [6.75, 5, 7.25, 5.5], "texture": "#0"},
				"up": {"uv": [6, 4.5, 4, 4], "texture": "#0"},
				"down": {"uv": [2, 4.5, 0, 5], "texture": "#0"}
			}
		},
		{
			"from": [-10, 22, 4.5],
			"to": [-3, 24, 6.5],
			"rotation": {"angle": -22.5, "axis": "y", "origin": [6, 16, 5.5]},
			"faces": {
				"north": {"uv": [2, 4.5, 3.75, 5], "texture": "#0"},
				"east": {"uv": [6.75, 5.5, 7.25, 6], "texture": "#0"},
				"south": {"uv": [3.75, 4.5, 5.5, 5], "texture": "#0"},
				"west": {"uv": [6, 6.75, 6.5, 7.25], "texture": "#0"},
				"up": {"uv": [1.75, 5.5, 0, 5], "texture": "#0"},
				"down": {"uv": [3.5, 5, 1.75, 5.5], "texture": "#0"}
			}
		},
		{
			"from": [-7, 24, 4.5],
			"to": [-5, 25, 6.5],
			"rotation": {"angle": -22.5, "axis": "y", "origin": [6, 16, 5.5]},
			"faces": {
				"north": {"uv": [3, 5.5, 3.5, 5.75], "texture": "#0"},
				"east": {"uv": [0, 8, 0.5, 8.25], "texture": "#0"},
				"south": {"uv": [8, 0, 8.5, 0.25], "texture": "#0"},
				"west": {"uv": [8, 0.25, 8.5, 0.5], "texture": "#0"},
				"up": {"uv": [0.5, 7.5, 0, 7], "texture": "#0"},
				"down": {"uv": [7.5, 0, 7, 0.5], "texture": "#0"}
			}
		},
		{
			"from": [-9, 24, 4.5],
			"to": [-7, 26, 6.5],
			"rotation": {"angle": -22.5, "axis": "y", "origin": [6, 16, 5.5]},
			"faces": {
				"north": {"uv": [7, 0.5, 7.5, 1], "texture": "#0"},
				"east": {"uv": [1, 7, 1.5, 7.5], "texture": "#0"},
				"south": {"uv": [7, 1, 7.5, 1.5], "texture": "#0"},
				"west": {"uv": [1.5, 7, 2, 7.5], "texture": "#0"},
				"up": {"uv": [7.5, 2, 7, 1.5], "texture": "#0"},
				"down": {"uv": [2.5, 7, 2, 7.5], "texture": "#0"}
			}
		},
		{
			"from": [-12, 24, 4.5],
			"to": [-9, 26, 6.5],
			"rotation": {"angle": -22.5, "axis": "y", "origin": [6, 16, 5.5]},
			"faces": {
				"north": {"uv": [5, 3.5, 5.75, 4], "texture": "#0"},
				"east": {"uv": [2.5, 7, 3, 7.5], "texture": "#0"},
				"south": {"uv": [1.5, 5.5, 2.25, 6], "texture": "#0"},
				"west": {"uv": [3, 7, 3.5, 7.5], "texture": "#0"},
				"up": {"uv": [6.25, 2.5, 5.5, 2], "texture": "#0"},
				"down": {"uv": [3, 5.5, 2.25, 6], "texture": "#0"}
			}
		},
		{
			"from": [-13, 22, 4.5],
			"to": [-10, 24, 6.5],
			"rotation": {"angle": -22.5, "axis": "y", "origin": [6, 16, 5.5]},
			"faces": {
				"north": {"uv": [5.5, 2.5, 6.25, 3], "texture": "#0"},
				"east": {"uv": [3.5, 7, 4, 7.5], "texture": "#0"},
				"south": {"uv": [5.5, 3, 6.25, 3.5], "texture": "#0"},
				"west": {"uv": [7, 3.5, 7.5, 4], "texture": "#0"},
				"up": {"uv": [6.25, 5, 5.5, 4.5], "texture": "#0"},
				"down": {"uv": [6.25, 5, 5.5, 5.5], "texture": "#0"}
			}
		},
		{
			"from": [-12, 20, 4.5],
			"to": [-9, 22, 6.5],
			"rotation": {"angle": -22.5, "axis": "y", "origin": [6, 16, 5.5]},
			"faces": {
				"north": {"uv": [5.5, 5.5, 6.25, 6], "texture": "#0"},
				"east": {"uv": [4, 7, 4.5, 7.5], "texture": "#0"},
				"south": {"uv": [5.75, 0.5, 6.5, 1], "texture": "#0"},
				"west": {"uv": [4.5, 7, 5, 7.5], "texture": "#0"},
				"up": {"uv": [6.5, 1.5, 5.75, 1], "texture": "#0"},
				"down": {"uv": [6.5, 1.5, 5.75, 2], "texture": "#0"}
			}
		},
		{
			"from": [-11, 18, 4.5],
			"to": [-8, 20, 6.5],
			"rotation": {"angle": -22.5, "axis": "y", "origin": [6, 16, 5.5]},
			"faces": {
				"north": {"uv": [3, 5.75, 3.75, 6.25], "texture": "#0"},
				"east": {"uv": [5, 7, 5.5, 7.5], "texture": "#0"},
				"south": {"uv": [5.75, 3.5, 6.5, 4], "texture": "#0"},
				"west": {"uv": [5.5, 7, 6, 7.5], "texture": "#0"},
				"up": {"uv": [4.5, 6.25, 3.75, 5.75], "texture": "#0"},
				"down": {"uv": [5.25, 5.75, 4.5, 6.25], "texture": "#0"}
			}
		},
		{
			"from": [-10, 16, 4.5],
			"to": [1, 18, 6.5],
			"rotation": {"angle": -22.5, "axis": "y", "origin": [6, 16, 5.5]},
			"faces": {
				"north": {"uv": [0, 2, 2.75, 2.5], "texture": "#0"},
				"east": {"uv": [7, 6, 7.5, 6.5], "texture": "#0"},
				"south": {"uv": [0, 2.5, 2.75, 3], "texture": "#0"},
				"west": {"uv": [6.5, 7, 7, 7.5], "texture": "#0"},
				"up": {"uv": [5.5, 2.5, 2.75, 2], "texture": "#0"},
				"down": {"uv": [5.5, 2.5, 2.75, 3], "texture": "#0"}
			}
		},
		{
			"from": [-9, 14, 4.5],
			"to": [5, 16, 6.5],
			"rotation": {"angle": -22.5, "axis": "y", "origin": [6, 16, 5.5]},
			"faces": {
				"north": {"uv": [0, 0, 3.5, 0.5], "texture": "#0"},
				"east": {"uv": [7, 6.5, 7.5, 7], "texture": "#0"},
				"south": {"uv": [0, 0.5, 3.5, 1], "texture": "#0"},
				"west": {"uv": [7, 7, 7.5, 7.5], "texture": "#0"},
				"up": {"uv": [3.5, 1.5, 0, 1], "texture": "#0"},
				"down": {"uv": [3.5, 1.5, 0, 2], "texture": "#0"}
			}
		},
		{
			"from": [-10, 12, 4.5],
			"to": [1, 14, 6.5],
			"rotation": {"angle": -22.5, "axis": "y", "origin": [6, 16, 5.5]},
			"faces": {
				"north": {"uv": [0, 3, 2.75, 3.5], "texture": "#0"},
				"east": {"uv": [0.5, 7.25, 1, 7.75], "texture": "#0"},
				"south": {"uv": [2.75, 3, 5.5, 3.5], "texture": "#0"},
				"west": {"uv": [7.25, 2, 7.75, 2.5], "texture": "#0"},
				"up": {"uv": [2.75, 4, 0, 3.5], "texture": "#0"},
				"down": {"uv": [6.25, 0, 3.5, 0.5], "texture": "#0"}
			}
		},
		{
			"from": [-9, 10, 4.5],
			"to": [-6, 12, 6.5],
			"rotation": {"angle": -22.5, "axis": "y", "origin": [6, 16, 5.5]},
			"faces": {
				"north": {"uv": [1.5, 6, 2.25, 6.5], "texture": "#0"},
				"east": {"uv": [7.25, 2.5, 7.75, 3], "texture": "#0"},
				"south": {"uv": [2.25, 6, 3, 6.5], "texture": "#0"},
				"west": {"uv": [7.25, 3, 7.75, 3.5], "texture": "#0"},
				"up": {"uv": [6.75, 4.5, 6, 4], "texture": "#0"},
				"down": {"uv": [6, 6, 5.25, 6.5], "texture": "#0"}
			}
		},
		{
			"from": [-6, 10, 4.5],
			"to": [-4, 12, 6.5],
			"rotation": {"angle": -22.5, "axis": "y", "origin": [6, 16, 5.5]},
			"faces": {
				"north": {"uv": [7.25, 4, 7.75, 4.5], "texture": "#0"},
				"east": {"uv": [7.25, 4.5, 7.75, 5], "texture": "#0"},
				"south": {"uv": [7.25, 5, 7.75, 5.5], "texture": "#0"},
				"west": {"uv": [7.25, 5.5, 7.75, 6], "texture": "#0"},
				"up": {"uv": [6.5, 7.75, 6, 7.25], "texture": "#0"},
				"down": {"uv": [0.5, 7.5, 0, 8], "texture": "#0"}
			}
		},
		{
			"from": [-6, 8, 4.5],
			"to": [-4, 10, 6.5],
			"rotation": {"angle": -22.5, "axis": "y", "origin": [6, 16, 5.5]},
			"faces": {
				"north": {"uv": [7.5, 0, 8, 0.5], "texture": "#0"},
				"east": {"uv": [7.5, 0.5, 8, 1], "texture": "#0"},
				"south": {"uv": [1, 7.5, 1.5, 8], "texture": "#0"},
				"west": {"uv": [7.5, 1, 8, 1.5], "texture": "#0"},
				"up": {"uv": [2, 8, 1.5, 7.5], "texture": "#0"},
				"down": {"uv": [8, 1.5, 7.5, 2], "texture": "#0"}
			}
		},
		{
			"from": [-4, 9, 4.5],
			"to": [-1, 12, 6.5],
			"rotation": {"angle": -22.5, "axis": "y", "origin": [6, 16, 5.5]},
			"faces": {
				"north": {"uv": [3.5, 5, 4.25, 5.75], "texture": "#0"},
				"east": {"uv": [6, 6, 6.5, 6.75], "texture": "#0"},
				"south": {"uv": [4.25, 5, 5, 5.75], "texture": "#0"},
				"west": {"uv": [0, 6.25, 0.5, 7], "texture": "#0"},
				"up": {"uv": [7, 0.5, 6.25, 0], "texture": "#0"},
				"down": {"uv": [1.25, 6.25, 0.5, 6.75], "texture": "#0"}
			}
		},
		{
			"from": [-1, 10, 4.5],
			"to": [1, 12, 6.5],
			"rotation": {"angle": -22.5, "axis": "y", "origin": [6, 16, 5.5]},
			"faces": {
				"north": {"uv": [2, 7.5, 2.5, 8], "texture": "#0"},
				"east": {"uv": [2.5, 7.5, 3, 8], "texture": "#0"},
				"south": {"uv": [3, 7.5, 3.5, 8], "texture": "#0"},
				"west": {"uv": [3.5, 7.5, 4, 8], "texture": "#0"},
				"up": {"uv": [8, 4, 7.5, 3.5], "texture": "#0"},
				"down": {"uv": [4.5, 7.5, 4, 8], "texture": "#0"}
			}
		},
		{
			"from": [1, 11, 4.5],
			"to": [3, 14, 6.5],
			"rotation": {"angle": -22.5, "axis": "y", "origin": [6, 16, 5.5]},
			"faces": {
				"north": {"uv": [6.25, 2, 6.75, 2.75], "texture": "#0"},
				"east": {"uv": [6.25, 2.75, 6.75, 3.5], "texture": "#0"},
				"south": {"uv": [3, 6.25, 3.5, 7], "texture": "#0"},
				"west": {"uv": [3.5, 6.25, 4, 7], "texture": "#0"},
				"up": {"uv": [5, 8, 4.5, 7.5], "texture": "#0"},
				"down": {"uv": [5.5, 7.5, 5, 8], "texture": "#0"}
			}
		},
		{
			"from": [3, 12, 4.5],
			"to": [5, 14, 6.5],
			"rotation": {"angle": -22.5, "axis": "y", "origin": [6, 16, 5.5]},
			"faces": {
				"north": {"uv": [5.5, 7.5, 6, 8], "texture": "#0"},
				"east": {"uv": [7.5, 6, 8, 6.5], "texture": "#0"},
				"south": {"uv": [6.5, 7.5, 7, 8], "texture": "#0"},
				"west": {"uv": [7.5, 6.5, 8, 7], "texture": "#0"},
				"up": {"uv": [7.5, 8, 7, 7.5], "texture": "#0"},
				"down": {"uv": [8, 7, 7.5, 7.5], "texture": "#0"}
			}
		},
		{
			"from": [5, 13, 4.5],
			"to": [7, 15, 6.5],
			"rotation": {"angle": -22.5, "axis": "y", "origin": [6, 16, 5.5]},
			"faces": {
				"north": {"uv": [7.5, 7.5, 8, 8], "texture": "#0"},
				"east": {"uv": [0.5, 7.75, 1, 8.25], "texture": "#0"},
				"south": {"uv": [7.75, 2, 8.25, 2.5], "texture": "#0"},
				"west": {"uv": [7.75, 2.5, 8.25, 3], "texture": "#0"},
				"up": {"uv": [8.25, 3.5, 7.75, 3], "texture": "#0"},
				"down": {"uv": [8.25, 4, 7.75, 4.5], "texture": "#0"}
			}
		},
		{
			"from": [-11, 26, 4.5],
			"to": [-9, 27, 6.5],
			"rotation": {"angle": -22.5, "axis": "y", "origin": [6, 16, 5.5]},
			"faces": {
				"north": {"uv": [8, 0.5, 8.5, 0.75], "texture": "#0"},
				"east": {"uv": [8, 0.75, 8.5, 1], "texture": "#0"},
				"south": {"uv": [1, 8, 1.5, 8.25], "texture": "#0"},
				"west": {"uv": [8, 1, 8.5, 1.25], "texture": "#0"},
				"up": {"uv": [8.25, 5, 7.75, 4.5], "texture": "#0"},
				"down": {"uv": [8.25, 5, 7.75, 5.5], "texture": "#0"}
			}
		},
		{
			"from": [-13, 26, 4.5],
			"to": [-11, 29, 6.5],
			"rotation": {"angle": -22.5, "axis": "y", "origin": [6, 16, 5.5]},
			"faces": {
				"north": {"uv": [4, 6.25, 4.5, 7], "texture": "#0"},
				"east": {"uv": [4.5, 6.25, 5, 7], "texture": "#0"},
				"south": {"uv": [6.25, 4.5, 6.75, 5.25], "texture": "#0"},
				"west": {"uv": [6.25, 5.25, 6.75, 6], "texture": "#0"},
				"up": {"uv": [8.25, 6, 7.75, 5.5], "texture": "#0"},
				"down": {"uv": [6.5, 7.75, 6, 8.25], "texture": "#0"}
			}
		},
		{
			"from": [5.68508, 15, 8.55585],
			"to": [7.68508, 17, 10.55585],
			"rotation": {"angle": 22.5, "axis": "y", "origin": [-2.31492, 18.25, 2.05585]},
			"faces": {
				"north": {"uv": [1.25, 6.5, 1.75, 7], "texture": "#0"},
				"east": {"uv": [6.5, 1.5, 7, 2], "texture": "#0"},
				"south": {"uv": [6.5, 0.5, 7, 1], "texture": "#0"},
				"west": {"uv": [6.5, 1, 7, 1.5], "texture": "#0"},
				"up": {"uv": [2.25, 7, 1.75, 6.5], "rotation": 180, "texture": "#0"},
				"down": {"uv": [2.75, 6.5, 2.25, 7], "rotation": 180, "texture": "#0"}
			}
		},
		{
			"from": [7.68508, 16, 8.55585],
			"to": [9.68508, 18, 10.55585],
			"rotation": {"angle": 22.5, "axis": "y", "origin": [-2.31492, 18.25, 2.05585]},
			"faces": {
				"north": {"uv": [5.5, 6.5, 6, 7], "texture": "#0"},
				"east": {"uv": [6.5, 6, 7, 6.5], "texture": "#0"},
				"south": {"uv": [6.5, 3.5, 7, 4], "texture": "#0"},
				"west": {"uv": [5, 6.5, 5.5, 7], "texture": "#0"},
				"up": {"uv": [7, 7, 6.5, 6.5], "rotation": 180, "texture": "#0"},
				"down": {"uv": [1, 6.75, 0.5, 7.25], "rotation": 180, "texture": "#0"}
			}
		},
		{
			"from": [9.68508, 16, 8.55585],
			"to": [11.68508, 19, 10.55585],
			"rotation": {"angle": 22.5, "axis": "y", "origin": [-2.31492, 18.25, 2.05585]},
			"faces": {
				"north": {"uv": [0.5, 5.5, 1, 6.25], "texture": "#0"},
				"east": {"uv": [1, 5.5, 1.5, 6.25], "texture": "#0"},
				"south": {"uv": [5, 5, 5.5, 5.75], "texture": "#0"},
				"west": {"uv": [0, 5.5, 0.5, 6.25], "texture": "#0"},
				"up": {"uv": [7.25, 2.5, 6.75, 2], "rotation": 180, "texture": "#0"},
				"down": {"uv": [7.25, 2.5, 6.75, 3], "rotation": 180, "texture": "#0"}
			}
		},
		{
			"from": [11.68508, 18, 8.55585],
			"to": [20.68508, 20, 10.55585],
			"rotation": {"angle": 22.5, "axis": "y", "origin": [-2.31492, 18.25, 2.05585]},
			"faces": {
				"north": {"uv": [3.5, 1, 5.75, 1.5], "texture": "#0"},
				"east": {"uv": [6.75, 4, 7.25, 4.5], "texture": "#0"},
				"south": {"uv": [3.5, 0.5, 5.75, 1], "texture": "#0"},
				"west": {"uv": [6.75, 3, 7.25, 3.5], "texture": "#0"},
				"up": {"uv": [5.75, 2, 3.5, 1.5], "rotation": 180, "texture": "#0"},
				"down": {"uv": [5, 3.5, 2.75, 4], "rotation": 180, "texture": "#0"}
			}
		},
		{
			"from": [13.68508, 20, 8.55585],
			"to": [21.68508, 22, 10.55585],
			"rotation": {"angle": 22.5, "axis": "y", "origin": [-2.31492, 18.25, 2.05585]},
			"faces": {
				"north": {"uv": [2, 4, 4, 4.5], "texture": "#0"},
				"east": {"uv": [6.75, 5, 7.25, 5.5], "texture": "#0"},
				"south": {"uv": [0, 4, 2, 4.5], "texture": "#0"},
				"west": {"uv": [6.75, 4.5, 7.25, 5], "texture": "#0"},
				"up": {"uv": [6, 4.5, 4, 4], "rotation": 180, "texture": "#0"},
				"down": {"uv": [2, 4.5, 0, 5], "rotation": 180, "texture": "#0"}
			}
		},
		{
			"from": [15.68508, 22, 8.55585],
			"to": [22.68508, 24, 10.55585],
			"rotation": {"angle": 22.5, "axis": "y", "origin": [-2.31492, 18.25, 2.05585]},
			"faces": {
				"north": {"uv": [3.75, 4.5, 5.5, 5], "texture": "#0"},
				"east": {"uv": [6, 6.75, 6.5, 7.25], "texture": "#0"},
				"south": {"uv": [2, 4.5, 3.75, 5], "texture": "#0"},
				"west": {"uv": [6.75, 5.5, 7.25, 6], "texture": "#0"},
				"up": {"uv": [1.75, 5.5, 0, 5], "rotation": 180, "texture": "#0"},
				"down": {"uv": [3.5, 5, 1.75, 5.5], "rotation": 180, "texture": "#0"}
			}
		},
		{
			"from": [17.68508, 24, 8.55585],
			"to": [19.68508, 25, 10.55585],
			"rotation": {"angle": 22.5, "axis": "y", "origin": [-2.31492, 18.25, 2.05585]},
			"faces": {
				"north": {"uv": [8, 0, 8.5, 0.25], "texture": "#0"},
				"east": {"uv": [8, 0.25, 8.5, 0.5], "texture": "#0"},
				"south": {"uv": [3, 5.5, 3.5, 5.75], "texture": "#0"},
				"west": {"uv": [0, 8, 0.5, 8.25], "texture": "#0"},
				"up": {"uv": [0.5, 7.5, 0, 7], "rotation": 180, "texture": "#0"},
				"down": {"uv": [7.5, 0, 7, 0.5], "rotation": 180, "texture": "#0"}
			}
		},
		{
			"from": [19.68508, 24, 8.55585],
			"to": [21.68508, 26, 10.55585],
			"rotation": {"angle": 22.5, "axis": "y", "origin": [-2.31492, 18.25, 2.05585]},
			"faces": {
				"north": {"uv": [7, 1, 7.5, 1.5], "texture": "#0"},
				"east": {"uv": [1.5, 7, 2, 7.5], "texture": "#0"},
				"south": {"uv": [7, 0.5, 7.5, 1], "texture": "#0"},
				"west": {"uv": [1, 7, 1.5, 7.5], "texture": "#0"},
				"up": {"uv": [7.5, 2, 7, 1.5], "rotation": 180, "texture": "#0"},
				"down": {"uv": [2.5, 7, 2, 7.5], "rotation": 180, "texture": "#0"}
			}
		},
		{
			"from": [21.68508, 24, 8.55585],
			"to": [24.68508, 26, 10.55585],
			"rotation": {"angle": 22.5, "axis": "y", "origin": [-2.31492, 18.25, 2.05585]},
			"faces": {
				"north": {"uv": [1.5, 5.5, 2.25, 6], "texture": "#0"},
				"east": {"uv": [3, 7, 3.5, 7.5], "texture": "#0"},
				"south": {"uv": [5, 3.5, 5.75, 4], "texture": "#0"},
				"west": {"uv": [2.5, 7, 3, 7.5], "texture": "#0"},
				"up": {"uv": [6.25, 2.5, 5.5, 2], "rotation": 180, "texture": "#0"},
				"down": {"uv": [3, 5.5, 2.25, 6], "rotation": 180, "texture": "#0"}
			}
		},
		{
			"from": [22.68508, 22, 8.55585],
			"to": [25.68508, 24, 10.55585],
			"rotation": {"angle": 22.5, "axis": "y", "origin": [-2.31492, 18.25, 2.05585]},
			"faces": {
				"north": {"uv": [5.5, 3, 6.25, 3.5], "texture": "#0"},
				"east": {"uv": [7, 3.5, 7.5, 4], "texture": "#0"},
				"south": {"uv": [5.5, 2.5, 6.25, 3], "texture": "#0"},
				"west": {"uv": [3.5, 7, 4, 7.5], "texture": "#0"},
				"up": {"uv": [6.25, 5, 5.5, 4.5], "rotation": 180, "texture": "#0"},
				"down": {"uv": [6.25, 5, 5.5, 5.5], "rotation": 180, "texture": "#0"}
			}
		},
		{
			"from": [21.68508, 20, 8.55585],
			"to": [24.68508, 22, 10.55585],
			"rotation": {"angle": 22.5, "axis": "y", "origin": [-2.31492, 18.25, 2.05585]},
			"faces": {
				"north": {"uv": [5.75, 0.5, 6.5, 1], "texture": "#0"},
				"east": {"uv": [4.5, 7, 5, 7.5], "texture": "#0"},
				"south": {"uv": [5.5, 5.5, 6.25, 6], "texture": "#0"},
				"west": {"uv": [4, 7, 4.5, 7.5], "texture": "#0"},
				"up": {"uv": [6.5, 1.5, 5.75, 1], "rotation": 180, "texture": "#0"},
				"down": {"uv": [6.5, 1.5, 5.75, 2], "rotation": 180, "texture": "#0"}
			}
		},
		{
			"from": [20.68508, 18, 8.55585],
			"to": [23.68508, 20, 10.55585],
			"rotation": {"angle": 22.5, "axis": "y", "origin": [-2.31492, 18.25, 2.05585]},
			"faces": {
				"north": {"uv": [5.75, 3.5, 6.5, 4], "texture": "#0"},
				"east": {"uv": [5.5, 7, 6, 7.5], "texture": "#0"},
				"south": {"uv": [3, 5.75, 3.75, 6.25], "texture": "#0"},
				"west": {"uv": [5, 7, 5.5, 7.5], "texture": "#0"},
				"up": {"uv": [4.5, 6.25, 3.75, 5.75], "rotation": 180, "texture": "#0"},
				"down": {"uv": [5.25, 5.75, 4.5, 6.25], "rotation": 180, "texture": "#0"}
			}
		},
		{
			"from": [11.68508, 16, 8.55585],
			"to": [22.68508, 18, 10.55585],
			"rotation": {"angle": 22.5, "axis": "y", "origin": [-2.31492, 18.25, 2.05585]},
			"faces": {
				"north": {"uv": [0, 2.5, 2.75, 3], "texture": "#0"},
				"east": {"uv": [6.5, 7, 7, 7.5], "texture": "#0"},
				"south": {"uv": [0, 2, 2.75, 2.5], "texture": "#0"},
				"west": {"uv": [7, 6, 7.5, 6.5], "texture": "#0"},
				"up": {"uv": [5.5, 2.5, 2.75, 2], "rotation": 180, "texture": "#0"},
				"down": {"uv": [5.5, 2.5, 2.75, 3], "rotation": 180, "texture": "#0"}
			}
		},
		{
			"from": [7.68508, 14, 8.55585],
			"to": [21.68508, 16, 10.55585],
			"rotation": {"angle": 22.5, "axis": "y", "origin": [-2.31492, 18.25, 2.05585]},
			"faces": {
				"north": {"uv": [0, 0.5, 3.5, 1], "texture": "#0"},
				"east": {"uv": [7, 7, 7.5, 7.5], "texture": "#0"},
				"south": {"uv": [0, 0, 3.5, 0.5], "texture": "#0"},
				"west": {"uv": [7, 6.5, 7.5, 7], "texture": "#0"},
				"up": {"uv": [3.5, 1.5, 0, 1], "rotation": 180, "texture": "#0"},
				"down": {"uv": [3.5, 1.5, 0, 2], "rotation": 180, "texture": "#0"}
			}
		},
		{
			"from": [11.68508, 12, 8.55585],
			"to": [22.68508, 14, 10.55585],
			"rotation": {"angle": 22.5, "axis": "y", "origin": [-2.31492, 18.25, 2.05585]},
			"faces": {
				"north": {"uv": [2.75, 3, 5.5, 3.5], "texture": "#0"},
				"east": {"uv": [7.25, 2, 7.75, 2.5], "texture": "#0"},
				"south": {"uv": [0, 3, 2.75, 3.5], "texture": "#0"},
				"west": {"uv": [0.5, 7.25, 1, 7.75], "texture": "#0"},
				"up": {"uv": [2.75, 4, 0, 3.5], "rotation": 180, "texture": "#0"},
				"down": {"uv": [6.25, 0, 3.5, 0.5], "rotation": 180, "texture": "#0"}
			}
		},
		{
			"from": [18.68508, 10, 8.55585],
			"to": [21.68508, 12, 10.55585],
			"rotation": {"angle": 22.5, "axis": "y", "origin": [-2.31492, 18.25, 2.05585]},
			"faces": {
				"north": {"uv": [2.25, 6, 3, 6.5], "texture": "#0"},
				"east": {"uv": [7.25, 3, 7.75, 3.5], "texture": "#0"},
				"south": {"uv": [1.5, 6, 2.25, 6.5], "texture": "#0"},
				"west": {"uv": [7.25, 2.5, 7.75, 3], "texture": "#0"},
				"up": {"uv": [6.75, 4.5, 6, 4], "rotation": 180, "texture": "#0"},
				"down": {"uv": [6, 6, 5.25, 6.5], "rotation": 180, "texture": "#0"}
			}
		},
		{
			"from": [16.68508, 10, 8.55585],
			"to": [18.68508, 12, 10.55585],
			"rotation": {"angle": 22.5, "axis": "y", "origin": [-2.31492, 18.25, 2.05585]},
			"faces": {
				"north": {"uv": [7.25, 5, 7.75, 5.5], "texture": "#0"},
				"east": {"uv": [7.25, 5.5, 7.75, 6], "texture": "#0"},
				"south": {"uv": [7.25, 4, 7.75, 4.5], "texture": "#0"},
				"west": {"uv": [7.25, 4.5, 7.75, 5], "texture": "#0"},
				"up": {"uv": [6.5, 7.75, 6, 7.25], "rotation": 180, "texture": "#0"},
				"down": {"uv": [0.5, 7.5, 0, 8], "rotation": 180, "texture": "#0"}
			}
		},
		{
			"from": [16.68508, 8, 8.55585],
			"to": [18.68508, 10, 10.55585],
			"rotation": {"angle": 22.5, "axis": "y", "origin": [-2.31492, 18.25, 2.05585]},
			"faces": {
				"north": {"uv": [1, 7.5, 1.5, 8], "texture": "#0"},
				"east": {"uv": [7.5, 1, 8, 1.5], "texture": "#0"},
				"south": {"uv": [7.5, 0, 8, 0.5], "texture": "#0"},
				"west": {"uv": [7.5, 0.5, 8, 1], "texture": "#0"},
				"up": {"uv": [2, 8, 1.5, 7.5], "rotation": 180, "texture": "#0"},
				"down": {"uv": [8, 1.5, 7.5, 2], "rotation": 180, "texture": "#0"}
			}
		},
		{
			"from": [13.68508, 9, 8.55585],
			"to": [16.68508, 12, 10.55585],
			"rotation": {"angle": 22.5, "axis": "y", "origin": [-2.31492, 18.25, 2.05585]},
			"faces": {
				"north": {"uv": [4.25, 5, 5, 5.75], "texture": "#0"},
				"east": {"uv": [0, 6.25, 0.5, 7], "texture": "#0"},
				"south": {"uv": [3.5, 5, 4.25, 5.75], "texture": "#0"},
				"west": {"uv": [6, 6, 6.5, 6.75], "texture": "#0"},
				"up": {"uv": [7, 0.5, 6.25, 0], "rotation": 180, "texture": "#0"},
				"down": {"uv": [1.25, 6.25, 0.5, 6.75], "rotation": 180, "texture": "#0"}
			}
		},
		{
			"from": [11.68508, 10, 8.55585],
			"to": [13.68508, 12, 10.55585],
			"rotation": {"angle": 22.5, "axis": "y", "origin": [-2.31492, 18.25, 2.05585]},
			"faces": {
				"north": {"uv": [3, 7.5, 3.5, 8], "texture": "#0"},
				"east": {"uv": [3.5, 7.5, 4, 8], "texture": "#0"},
				"south": {"uv": [2, 7.5, 2.5, 8], "texture": "#0"},
				"west": {"uv": [2.5, 7.5, 3, 8], "texture": "#0"},
				"up": {"uv": [8, 4, 7.5, 3.5], "rotation": 180, "texture": "#0"},
				"down": {"uv": [4.5, 7.5, 4, 8], "rotation": 180, "texture": "#0"}
			}
		},
		{
			"from": [9.68508, 11, 8.55585],
			"to": [11.68508, 14, 10.55585],
			"rotation": {"angle": 22.5, "axis": "y", "origin": [-2.31492, 18.25, 2.05585]},
			"faces": {
				"north": {"uv": [3, 6.25, 3.5, 7], "texture": "#0"},
				"east": {"uv": [3.5, 6.25, 4, 7], "texture": "#0"},
				"south": {"uv": [6.25, 2, 6.75, 2.75], "texture": "#0"},
				"west": {"uv": [6.25, 2.75, 6.75, 3.5], "texture": "#0"},
				"up": {"uv": [5, 8, 4.5, 7.5], "rotation": 180, "texture": "#0"},
				"down": {"uv": [5.5, 7.5, 5, 8], "rotation": 180, "texture": "#0"}
			}
		},
		{
			"from": [7.68508, 12, 8.55585],
			"to": [9.68508, 14, 10.55585],
			"rotation": {"angle": 22.5, "axis": "y", "origin": [-2.31492, 18.25, 2.05585]},
			"faces": {
				"north": {"uv": [6.5, 7.5, 7, 8], "texture": "#0"},
				"east": {"uv": [7.5, 6.5, 8, 7], "texture": "#0"},
				"south": {"uv": [5.5, 7.5, 6, 8], "texture": "#0"},
				"west": {"uv": [7.5, 6, 8, 6.5], "texture": "#0"},
				"up": {"uv": [7.5, 8, 7, 7.5], "rotation": 180, "texture": "#0"},
				"down": {"uv": [8, 7, 7.5, 7.5], "rotation": 180, "texture": "#0"}
			}
		},
		{
			"from": [5.68508, 13, 8.55585],
			"to": [7.68508, 15, 10.55585],
			"rotation": {"angle": 22.5, "axis": "y", "origin": [-2.31492, 18.25, 2.05585]},
			"faces": {
				"north": {"uv": [7.75, 2, 8.25, 2.5], "texture": "#0"},
				"east": {"uv": [7.75, 2.5, 8.25, 3], "texture": "#0"},
				"south": {"uv": [7.5, 7.5, 8, 8], "texture": "#0"},
				"west": {"uv": [0.5, 7.75, 1, 8.25], "texture": "#0"},
				"up": {"uv": [8.25, 3.5, 7.75, 3], "rotation": 180, "texture": "#0"},
				"down": {"uv": [8.25, 4, 7.75, 4.5], "rotation": 180, "texture": "#0"}
			}
		},
		{
			"from": [21.68508, 26, 8.55585],
			"to": [23.68508, 27, 10.55585],
			"rotation": {"angle": 22.5, "axis": "y", "origin": [-2.31492, 18.25, 2.05585]},
			"faces": {
				"north": {"uv": [1, 8, 1.5, 8.25], "texture": "#0"},
				"east": {"uv": [8, 1, 8.5, 1.25], "texture": "#0"},
				"south": {"uv": [8, 0.5, 8.5, 0.75], "texture": "#0"},
				"west": {"uv": [8, 0.75, 8.5, 1], "texture": "#0"},
				"up": {"uv": [8.25, 5, 7.75, 4.5], "rotation": 180, "texture": "#0"},
				"down": {"uv": [8.25, 5, 7.75, 5.5], "rotation": 180, "texture": "#0"}
			}
		},
		{
			"from": [23.68508, 26, 8.55585],
			"to": [25.68508, 29, 10.55585],
			"rotation": {"angle": 22.5, "axis": "y", "origin": [-2.31492, 18.25, 2.05585]},
			"faces": {
				"north": {"uv": [6.25, 4.5, 6.75, 5.25], "texture": "#0"},
				"east": {"uv": [6.25, 5.25, 6.75, 6], "texture": "#0"},
				"south": {"uv": [4, 6.25, 4.5, 7], "texture": "#0"},
				"west": {"uv": [4.5, 6.25, 5, 7], "texture": "#0"},
				"up": {"uv": [8.25, 6, 7.75, 5.5], "rotation": 180, "texture": "#0"},
				"down": {"uv": [6.5, 7.75, 6, 8.25], "rotation": 180, "texture": "#0"}
			}
		}
	],
	"display": {},
	"groups": [
		{
			"name": "wing 1",
			"origin": [8, 8, 8],
			"color": 0,
			"nbt": "{}",
			"children": [0, 1, 2, 3, 4, 5, 6, 7, 8, 9, 10, 11, 12, 13, 14, 15, 16, 17, 18, 19, 20, 21, 22, 23, 24]
		},
		{
			"name": "wing 2",
			"origin": [8, 8, 8],
			"color": 0,
			"nbt": "{}",
			"children": [25, 26, 27, 28, 29, 30, 31, 32, 33, 34, 35, 36, 37, 38, 39, 40, 41, 42, 43, 44, 45, 46, 47, 48, 49]
		}
	]
}