{
	"credit": "Made by Sweenus using Blockbench",
	"textures": {
		"0": "simplyskills:item/effect/vitality_bond",
		"particle": "simplyskills:item/effect/vitality_bond"
	},
	"elements": [
		{
			"from": [7, 4, 7],
			"to": [9, 10, 9],
			"faces": {
				"north": {"uv": [7, 6, 9, 12], "texture": "#0"},
				"east": {"uv": [7, 6, 9, 12], "texture": "#0"},
				"south": {"uv": [7, 6, 9, 12], "texture": "#0"},
				"west": {"uv": [7, 6, 9, 12], "texture": "#0"},
				"up": {"uv": [7, 7, 9, 9], "texture": "#0"},
				"down": {"uv": [7, 7, 9, 9], "texture": "#0"}
			}
		},
		{
			"from": [9, 6, 7],
			"to": [11, 8, 9],
			"faces": {
				"north": {"uv": [5, 8, 7, 10], "texture": "#0"},
				"east": {"uv": [7, 8, 9, 10], "texture": "#0"},
				"south": {"uv": [9, 8, 11, 10], "texture": "#0"},
				"west": {"uv": [7, 8, 9, 10], "texture": "#0"},
				"up": {"uv": [9, 7, 11, 9], "texture": "#0"},
				"down": {"uv": [9, 7, 11, 9], "texture": "#0"}
			}
		},
		{
			"from": [5, 6, 7],
			"to": [7, 8, 9],
			"faces": {
				"north": {"uv": [9, 8, 11, 10], "texture": "#0"},
				"east": {"uv": [7, 8, 9, 10], "texture": "#0"},
				"south": {"uv": [5, 8, 7, 10], "texture": "#0"},
				"west": {"uv": [7, 8, 9, 10], "texture": "#0"},
				"up": {"uv": [5, 7, 7, 9], "texture": "#0"},
				"down": {"uv": [5, 7, 7, 9], "texture": "#0"}
			}
		}
	]
}