{
  "schemaVersion": 1,
  "id": "${mod_id}",
  "version": "${version}",
  "name": "${mod_name}",
  "description": "${mod_description}",
  "authors": ["${mod_authors}"],
  "contact": {
    "homepage": "${contact_homepage}",
    "sources": "${contact_sources}",
    "issues": "${contact_issues}"
  },
  "license": "${license}",
  "icon": "assets/simplyskills/icon.png",
  "environment": "*",
  "entrypoints": {
    "client": [
      "net.sweenus.simplyskills.client.SimplySkillsClient"
    ],
    "main": [
      "net.sweenus.simplyskills.SimplySkills"
    ],
    "preLaunch": [
      "net.sweenus.simplyskills.util.SimplySkillsPreInit"
    ],
    "modmenu": [
      "net.sweenus.simplyskills.client.ModMenuIntegration"
    ]
  },
  "mixins": [
    "simplyskills.mixins.json"
  ],
  "depends": {
    "fabricloader": ">=${loader_version}",
    "fabric": "*",
    "minecraft": "${minecraft_version}",
    "spell_power": ">=0.9.16+1.20.1",
    "spell_engine": ">=0.12.0+1.20.1 <=0.12.0+1.20.1",
    "cloth-config": ">=11.1.106",
    "puffish_skills": ">=0.10.0 <=0.10.0"
  },
  "recommends": {
    "simplyswords": ">=1.51.0-1.20.1",
    "paladins": ">=0.10.1+1.20.1"
  }
}
