{
  "required": true,
  "minVersion": "0.8",
  "package": "net.sweenus.simplyskills.mixins",
  "compatibilityLevel": "JAVA_17",
  "mixins": [
    "BowItemMixin",
    "CrossbowItemMixin",
    "LivingEntityMixin",
    "PlayerEntityMixin",
    "ServerPlayerEntityMixin",
    "SkillsModMixin",
    "SpellHelperMixin",
    "SpellProjectileMixin"
  ],
  "client": [
    "client.ArmorFeatureRendererMixin",
    "client.EntityRenderDispatcherMixin",
    "client.PlayerEntityRendererMixin",
    "client.SpellProjectileRendererMixin"
  ],
  "injectors": {
    "defaultRequire": 1
  }
}
