{
	"credit": "Made with Blockbench",
	"texture_size": [32, 32],
	"textures": {
		"0": "simplyskills:item/projectile/arcane_projectile",
		"particle": "simplyskills:item/projectile/arcane_projectile"
	},
	"elements": [
		{
			"from": [5, 4, 0],
			"to": [11, 10, 6],
			"rotation": {"angle": 45, "axis": "x", "origin": [8, 7, 3]},
			"faces": {
				"north": {"uv": [2.5, 0, 5.5, 3], "texture": "#0"},
				"east": {"uv": [3.5, 14, 6.5, 11], "texture": "#0"},
				"south": {"uv": [2.5, 11, 5.5, 14], "texture": "#0"},
				"west": {"uv": [0, 11, 3, 14], "texture": "#0"},
				"up": {"uv": [2.5, 0, 5.5, 3], "texture": "#0"},
				"down": {"uv": [2.5, 13, 5.5, 16], "texture": "#0"}
			}
		},
		{
			"from": [6, 5, 6],
			"to": [10, 9, 10],
			"rotation": {"angle": 45, "axis": "x", "origin": [8, 7, 8]},
			"faces": {
				"north": {"uv": [3, 0.5, 5, 2.5], "texture": "#0"},
				"east": {"uv": [1.5, 13.5, 3.5, 11.5], "texture": "#0"},
				"south": {"uv": [3, 11.5, 5, 13.5], "texture": "#0"},
				"west": {"uv": [3, 11.5, 5, 13.5], "texture": "#0"},
				"up": {"uv": [3, 3, 5, 5], "texture": "#0"},
				"down": {"uv": [3, 11, 5, 13], "texture": "#0"}
			}
		},
		{
			"from": [7, 6, 10],
			"to": [9, 8, 12],
			"rotation": {"angle": 45, "axis": "x", "origin": [8, 7, 11]},
			"faces": {
				"north": {"uv": [3.5, 1, 4.5, 2], "texture": "#0"},
				"east": {"uv": [0.5, 13, 1.5, 12], "texture": "#0"},
				"south": {"uv": [3.5, 12, 4.5, 13], "texture": "#0"},
				"west": {"uv": [5, 12, 6, 13], "texture": "#0"},
				"up": {"uv": [3.5, 5, 4.5, 6], "texture": "#0"},
				"down": {"uv": [3.5, 10, 4.5, 11], "texture": "#0"}
			}
		},
		{
			"from": [7, -1, 9],
			"to": [9, 1, 11],
			"rotation": {"angle": 45, "axis": "x", "origin": [8, 7, 11]},
			"faces": {
				"north": {"uv": [3.5, 4.5, 4.5, 5], "texture": "#0"},
				"east": {"uv": [1, 15.5, 2, 15], "texture": "#0"},
				"south": {"uv": [3.5, 15.5, 4.5, 16], "texture": "#0"},
				"west": {"uv": [4.5, 15.5, 5.5, 16], "texture": "#0"},
				"up": {"uv": [3.5, 4.5, 4.5, 5.5], "texture": "#0"},
				"down": {"uv": [3.5, 10.5, 4.5, 11.5], "texture": "#0"}
			}
		},
		{
			"from": [7, 3, 12],
			"to": [9, 4, 13],
			"rotation": {"angle": 45, "axis": "x", "origin": [8, 7, 11]},
			"faces": {
				"north": {"uv": [3.5, 3, 4.5, 3.5], "texture": "#0"},
				"east": {"uv": [0, 14.5, 0.5, 14], "texture": "#0"},
				"south": {"uv": [3.5, 14, 4.5, 14.5], "texture": "#0"},
				"west": {"uv": [6, 14, 6.5, 14.5], "texture": "#0"},
				"up": {"uv": [3.5, 6, 4.5, 6.5], "texture": "#0"},
				"down": {"uv": [3.5, 9.5, 4.5, 10], "texture": "#0"}
			}
		},
		{
			"from": [5, 4, 4],
			"to": [7, 6, 6],
			"rotation": {"angle": 45, "axis": "x", "origin": [8, 7, 11]},
			"faces": {
				"north": {"uv": [4.5, 2, 5.5, 3], "texture": "#0"},
				"east": {"uv": [3.5, 14, 4.5, 13], "texture": "#0"},
				"south": {"uv": [2.5, 13, 3.5, 14], "texture": "#0"},
				"west": {"uv": [2, 13, 3, 14], "texture": "#0"},
				"up": {"uv": [2.5, 2, 3.5, 3], "texture": "#0"},
				"down": {"uv": [2.5, 13, 3.5, 14], "texture": "#0"}
			}
		}
	]
}