{
	"credit": "Made by Sweenus using Blockbench",
	"texture_size": [64, 64],
	"textures": {
		"0": "simplyskills:item/projectile/comet_projectile",
		"particle": "simplyskills:item/projectile/comet_projectile"
	},
	"elements": [
		{
			"from": [3, 3, 3],
			"to": [13, 13, 13],
			"rotation": {"angle": 22.5, "axis": "z", "origin": [10, 7, 10]},
			"faces": {
				"north": {"uv": [0, 0, 2.5, 2.5], "texture": "#0"},
				"east": {"uv": [0, 0, 2.5, 2.5], "texture": "#0"},
				"south": {"uv": [0, 0, 2.5, 2.5], "texture": "#0"},
				"west": {"uv": [0, 0, 2.5, 2.5], "texture": "#0"},
				"up": {"uv": [0, 0, 2.5, 2.5], "texture": "#0"},
				"down": {"uv": [0, 0, 2.5, 2.5], "texture": "#0"}
			}
		},
		{
			"from": [1, 3, 1],
			"to": [11, 13, 10],
			"rotation": {"angle": -22.5, "axis": "x", "origin": [10, 7, 10]},
			"faces": {
				"north": {"uv": [2.5, 5, 5, 7.5], "texture": "#0"},
				"east": {"uv": [2.5, 5, 5, 7.5], "texture": "#0"},
				"south": {"uv": [2.5, 5, 5, 7.5], "texture": "#0"},
				"west": {"uv": [2.5, 5, 5, 7.5], "texture": "#0"},
				"up": {"uv": [2.5, 5, 5, 7.5], "texture": "#0"},
				"down": {"uv": [2.5, 5, 5, 7.5], "texture": "#0"}
			}
		},
		{
			"from": [4, 7, 11],
			"to": [11, 12, 14],
			"rotation": {"angle": 22.5, "axis": "z", "origin": [10, 7, 10]},
			"faces": {
				"north": {"uv": [4.25, 7.5, 6, 8.75], "texture": "#0"},
				"east": {"uv": [4.25, 7.5, 6, 8.75], "texture": "#0"},
				"south": {"uv": [4.25, 7.5, 6, 8.75], "texture": "#0"},
				"west": {"uv": [4.25, 7.5, 6, 8.75], "texture": "#0"},
				"up": {"uv": [4.25, 7.5, 6, 8.75], "texture": "#0"},
				"down": {"uv": [4.25, 7.5, 6, 8.75], "texture": "#0"}
			}
		},
		{
			"from": [7, 7, 4],
			"to": [14, 12, 11],
			"rotation": {"angle": 0, "axis": "z", "origin": [10, 7, 10]},
			"faces": {
				"north": {"uv": [7.75, 7.5, 9.5, 8.75], "texture": "#0"},
				"east": {"uv": [7.75, 7.5, 9.5, 8.75], "texture": "#0"},
				"south": {"uv": [7.75, 7.5, 9.5, 8.75], "texture": "#0"},
				"west": {"uv": [7.75, 7.5, 9.5, 8.75], "texture": "#0"},
				"up": {"uv": [7.75, 7.5, 9.5, 8.75], "texture": "#0"},
				"down": {"uv": [7.75, 7.5, 9.5, 8.75], "texture": "#0"}
			}
		},
		{
			"from": [4, 10, 8],
			"to": [11, 15, 12],
			"rotation": {"angle": 22.5, "axis": "z", "origin": [10, 7, 10]},
			"faces": {
				"north": {"uv": [9.25, 2.25, 11, 3.5], "texture": "#0"},
				"east": {"uv": [9.25, 2.25, 11, 3.5], "texture": "#0"},
				"south": {"uv": [9.25, 2.25, 11, 3.5], "texture": "#0"},
				"west": {"uv": [9.25, 2.25, 11, 3.5], "texture": "#0"},
				"up": {"uv": [9.25, 2.25, 11, 3.5], "texture": "#0"},
				"down": {"uv": [9.25, 2.25, 11, 3.5], "texture": "#0"}
			}
		},
		{
			"from": [8, 10, 4],
			"to": [12, 14, 8],
			"rotation": {"angle": 22.5, "axis": "z", "origin": [10, 7, 10]},
			"faces": {
				"north": {"uv": [10, 0, 11, 1], "texture": "#0"},
				"east": {"uv": [10, 0, 11, 1], "texture": "#0"},
				"south": {"uv": [10, 0, 11, 1], "texture": "#0"},
				"west": {"uv": [10, 0, 11, 1], "texture": "#0"},
				"up": {"uv": [10, 0, 11, 1], "texture": "#0"},
				"down": {"uv": [10, 0, 11, 1], "texture": "#0"}
			}
		},
		{
			"from": [4, 10, 5],
			"to": [8, 16, 8],
			"rotation": {"angle": 22.5, "axis": "z", "origin": [10, 7, 10]},
			"faces": {
				"north": {"uv": [9.5, 4.5, 10.5, 6], "texture": "#0"},
				"east": {"uv": [9.5, 4.5, 10.5, 6], "texture": "#0"},
				"south": {"uv": [9.5, 4.5, 10.5, 6], "texture": "#0"},
				"west": {"uv": [9.5, 4.5, 10.5, 6], "texture": "#0"},
				"up": {"uv": [9.5, 4.5, 10.5, 6], "texture": "#0"},
				"down": {"uv": [9.5, 4.5, 10.5, 6], "texture": "#0"}
			}
		}
	]
}