{
	"credit": "Made with Blockbench",
	"textures": {
		"0": "simplyskills:item/projectile/fire_projectile",
		"particle": "simplyskills:item/projectile/fire_projectile"
	},
	"elements": [
		{
			"name": "body",
			"from": [2, 6.4, 4],
			"to": [5.2, 9.6, 7.2],
			"rotation": {"angle": -45, "axis": "y", "origin": [8, 8, 10]},
			"faces": {
				"north": {"uv": [0, 0, 3, 3], "texture": "#0"},
				"east": {"uv": [0, 3, 3, 6], "texture": "#0"},
				"south": {"uv": [3, 0, 6, 3], "texture": "#0"},
				"west": {"uv": [3, 3, 6, 6], "texture": "#0"},
				"up": {"uv": [3, 9, 0, 6], "texture": "#0"},
				"down": {"uv": [9, 0, 6, 3], "texture": "#0"}
			}
		},
		{
			"name": "tail",
			"from": [2.7, 6.9, 10.2],
			"to": [4.9, 9.1, 12.4],
			"rotation": {"angle": -45, "axis": "y", "origin": [8, 8, 14.5]},
			"faces": {
				"north": {"uv": [3, 6, 5, 8], "texture": "#0"},
				"east": {"uv": [6, 3, 8, 5], "texture": "#0"},
				"south": {"uv": [5, 6, 7, 8], "texture": "#0"},
				"west": {"uv": [7, 5, 9, 7], "texture": "#0"},
				"up": {"uv": [9, 9, 7, 7], "texture": "#0"},
				"down": {"uv": [5, 8, 3, 10], "texture": "#0"}
			}
		},
		{
			"name": "tail",
			"from": [2.7, 6.9, 8.2],
			"to": [4.9, 9.1, 10.4],
			"rotation": {"angle": -45, "axis": "y", "origin": [8, 8, 14.5]},
			"faces": {
				"north": {"uv": [8, 3, 10, 5], "texture": "#0"},
				"east": {"uv": [5, 8, 7, 10], "texture": "#0"},
				"south": {"uv": [0, 9, 2, 11], "texture": "#0"},
				"west": {"uv": [9, 0, 11, 2], "texture": "#0"},
				"up": {"uv": [11, 7, 9, 5], "texture": "#0"},
				"down": {"uv": [9, 9, 7, 11], "texture": "#0"}
			}
		},
		{
			"name": "tail",
			"from": [0.7, 6.9, 8.2],
			"to": [2.9, 9.1, 10.4],
			"rotation": {"angle": -45, "axis": "y", "origin": [8, 8, 14.5]},
			"faces": {
				"north": {"uv": [9, 7, 11, 9], "texture": "#0"},
				"east": {"uv": [9, 9, 11, 11], "texture": "#0"},
				"south": {"uv": [2, 10, 4, 12], "texture": "#0"},
				"west": {"uv": [10, 2, 12, 4], "texture": "#0"},
				"up": {"uv": [6, 12, 4, 10], "texture": "#0"},
				"down": {"uv": [2, 11, 0, 13], "texture": "#0"}
			}
		},
		{
			"name": "tail",
			"from": [4.5, 7, 11],
			"to": [6.5, 9, 13],
			"rotation": {"angle": -45, "axis": "y", "origin": [8, 8, 14.5]},
			"faces": {
				"north": {"uv": [11, 0, 13, 2], "texture": "#0"},
				"east": {"uv": [11, 4, 13, 6], "texture": "#0"},
				"south": {"uv": [6, 11, 8, 13], "texture": "#0"},
				"west": {"uv": [11, 6, 13, 8], "texture": "#0"},
				"up": {"uv": [10, 13, 8, 11], "texture": "#0"},
				"down": {"uv": [13, 8, 11, 10], "texture": "#0"}
			}
		}
	],
	"display": {}
}