{
	"credit": "Made by Sweenus using Blockbench",
	"texture_size": [64, 64],
	"textures": {
		"0": "simplyskills:item/projectile/meteor_projectile_alt",
		"particle": "simplyskills:item/projectile/meteor_projectile_alt"
	},
	"elements": [
		{
			"from": [3, 3, 3],
			"to": [13, 13, 13],
			"rotation": {"angle": 22.5, "axis": "z", "origin": [10, 7, 10]},
			"faces": {
				"north": {"uv": [12.75, 12.75, 15.25, 15.25], "texture": "#0"},
				"east": {"uv": [12.75, 12.75, 15.25, 15.25], "texture": "#0"},
				"south": {"uv": [0.75, 12.75, 3.25, 15.25], "texture": "#0"},
				"west": {"uv": [0.75, 12.75, 3.25, 15.25], "texture": "#0"},
				"up": {"uv": [0.75, 0.75, 3.25, 3.25], "texture": "#0"},
				"down": {"uv": [0.75, 12.75, 3.25, 15.25], "texture": "#0"}
			}
		},
		{
			"from": [1, 3, 1],
			"to": [11, 13, 10],
			"rotation": {"angle": -22.5, "axis": "x", "origin": [10, 7, 10]},
			"faces": {
				"north": {"uv": [13.25, 12.75, 15.75, 15.25], "texture": "#0"},
				"east": {"uv": [13.5, 12.75, 15.75, 15.25], "texture": "#0"},
				"south": {"uv": [0.25, 12.75, 2.75, 15.25], "texture": "#0"},
				"west": {"uv": [0.25, 12.75, 2.5, 15.25], "texture": "#0"},
				"up": {"uv": [0.25, 0.25, 2.75, 2.5], "texture": "#0"},
				"down": {"uv": [0.25, 13.5, 2.75, 15.75], "texture": "#0"}
			}
		},
		{
			"from": [4, 7, 11],
			"to": [11, 12, 14],
			"rotation": {"angle": 22.5, "axis": "z", "origin": [10, 7, 10]},
			"faces": {
				"north": {"uv": [13.25, 13, 15, 14.25], "texture": "#0"},
				"east": {"uv": [12.5, 13, 13.25, 14.25], "texture": "#0"},
				"south": {"uv": [1, 13, 2.75, 14.25], "texture": "#0"},
				"west": {"uv": [2.75, 13, 3.5, 14.25], "texture": "#0"},
				"up": {"uv": [1, 2.75, 2.75, 3.5], "texture": "#0"},
				"down": {"uv": [1, 12.5, 2.75, 13.25], "texture": "#0"}
			}
		},
		{
			"from": [7, 7, 4],
			"to": [14, 12, 11],
			"rotation": {"angle": 0, "axis": "z", "origin": [10, 7, 10]},
			"faces": {
				"north": {"uv": [12.5, 13, 14.25, 14.25], "texture": "#0"},
				"east": {"uv": [13.25, 13, 15, 14.25], "texture": "#0"},
				"south": {"uv": [1.75, 13, 3.5, 14.25], "texture": "#0"},
				"west": {"uv": [1, 13, 2.75, 14.25], "texture": "#0"},
				"up": {"uv": [1.75, 1, 3.5, 2.75], "texture": "#0"},
				"down": {"uv": [1.75, 13.25, 3.5, 15], "texture": "#0"}
			}
		},
		{
			"from": [4, 10, 8],
			"to": [11, 15, 12],
			"rotation": {"angle": 22.5, "axis": "z", "origin": [10, 7, 10]},
			"faces": {
				"north": {"uv": [13.25, 12.25, 15, 13.5], "texture": "#0"},
				"east": {"uv": [13, 12.25, 14, 13.5], "texture": "#0"},
				"south": {"uv": [1, 12.25, 2.75, 13.5], "texture": "#0"},
				"west": {"uv": [2, 12.25, 3, 13.5], "texture": "#0"},
				"up": {"uv": [1, 2, 2.75, 3], "texture": "#0"},
				"down": {"uv": [1, 13, 2.75, 14], "texture": "#0"}
			}
		},
		{
			"from": [8, 10, 4],
			"to": [12, 14, 8],
			"rotation": {"angle": 22.5, "axis": "z", "origin": [10, 7, 10]},
			"faces": {
				"north": {"uv": [13, 12.5, 14, 13.5], "texture": "#0"},
				"east": {"uv": [14, 12.5, 15, 13.5], "texture": "#0"},
				"south": {"uv": [2, 12.5, 3, 13.5], "texture": "#0"},
				"west": {"uv": [1, 12.5, 2, 13.5], "texture": "#0"},
				"up": {"uv": [2, 1, 3, 2], "texture": "#0"},
				"down": {"uv": [2, 14, 3, 15], "texture": "#0"}
			}
		},
		{
			"from": [4, 10, 5],
			"to": [8, 16, 8],
			"rotation": {"angle": 22.5, "axis": "z", "origin": [10, 7, 10]},
			"faces": {
				"north": {"uv": [14, 12, 15, 13.5], "texture": "#0"},
				"east": {"uv": [14, 12, 14.75, 13.5], "texture": "#0"},
				"south": {"uv": [1, 12, 2, 13.5], "texture": "#0"},
				"west": {"uv": [1.25, 12, 2, 13.5], "texture": "#0"},
				"up": {"uv": [1, 1.25, 2, 2], "texture": "#0"},
				"down": {"uv": [1, 14, 2, 14.75], "texture": "#0"}
			}
		}
	]
}