{
	"credit": "Made by Sweenus using Blockbench",
	"texture_size": [32, 32],
	"textures": {
		"0": "simplyskills:item/projectile/swordfall",
		"particle": "simplyskills:item/projectile/swordfall"
	},
	"elements": [
		{
			"from": [6, 7.25, 1.25],
			"to": [10, 8.25, 18.25],
			"rotation": {"angle": 0, "axis": "x", "origin": [8, 7.75, 8]},
			"faces": {
				"north": {"uv": [7.5, 4.5, 9.5, 5], "texture": "#0"},
				"east": {"uv": [4, 0, 12.5, 0.5], "texture": "#0"},
				"south": {"uv": [9, 2, 11, 2.5], "texture": "#0"},
				"west": {"uv": [4, 0.5, 12.5, 1], "texture": "#0"},
				"up": {"uv": [2, 8.5, 0, 0], "texture": "#0"},
				"down": {"uv": [4, 0, 2, 8.5], "texture": "#0"}
			}
		},
		{
			"from": [5, 7, 18.25],
			"to": [11, 8.5, 20.25],
			"rotation": {"angle": 0, "axis": "x", "origin": [8, 7.75, 8]},
			"faces": {
				"north": {"uv": [4, 5, 7, 6], "texture": "#0"},
				"east": {"uv": [0, 9.5, 1, 10.5], "texture": "#0"},
				"south": {"uv": [4, 6, 7, 7], "texture": "#0"},
				"west": {"uv": [1, 9.5, 2, 10.5], "texture": "#0"},
				"up": {"uv": [7, 8, 4, 7], "texture": "#0"},
				"down": {"uv": [10, 5, 7, 6], "texture": "#0"}
			}
		},
		{
			"from": [7.25, 7, 20.25],
			"to": [8.75, 8.5, 24.25],
			"rotation": {"angle": 0, "axis": "x", "origin": [8, 7.75, 8]},
			"faces": {
				"north": {"uv": [2, 9.5, 3, 10.5], "texture": "#0"},
				"east": {"uv": [7.5, 2.5, 9.5, 3.5], "texture": "#0"},
				"south": {"uv": [9.5, 2.5, 10.5, 3.5], "texture": "#0"},
				"west": {"uv": [7.5, 3.5, 9.5, 4.5], "texture": "#0"},
				"up": {"uv": [8, 9.5, 7, 7.5], "texture": "#0"},
				"down": {"uv": [5, 8, 4, 10], "texture": "#0"}
			}
		},
		{
			"from": [6.75, 6.5, 24.25],
			"to": [9.25, 9, 26.25],
			"rotation": {"angle": 0, "axis": "x", "origin": [8, 7.75, 8]},
			"faces": {
				"north": {"uv": [7, 6, 8.5, 7.5], "texture": "#0"},
				"east": {"uv": [3, 8.5, 4, 10], "texture": "#0"},
				"south": {"uv": [7.5, 1, 9, 2.5], "texture": "#0"},
				"west": {"uv": [8.5, 6, 9.5, 7.5], "texture": "#0"},
				"up": {"uv": [9.5, 9.5, 8, 8.5], "texture": "#0"},
				"down": {"uv": [10.5, 1, 9, 2], "texture": "#0"}
			}
		},
		{
			"from": [6.5, 7.25, 0.25],
			"to": [9.5, 8.25, 1.25],
			"rotation": {"angle": 0, "axis": "x", "origin": [8, 7.75, 8]},
			"faces": {
				"north": {"uv": [9.5, 7.5, 11, 8], "texture": "#0"},
				"east": {"uv": [6.5, 10, 7, 10.5], "texture": "#0"},
				"south": {"uv": [8, 9.5, 9.5, 10], "texture": "#0"},
				"west": {"uv": [10, 6.5, 10.5, 7], "texture": "#0"},
				"up": {"uv": [11, 8.5, 9.5, 8], "texture": "#0"},
				"down": {"uv": [11, 8.5, 9.5, 9], "texture": "#0"}
			}
		},
		{
			"from": [7, 7.25, -0.75],
			"to": [9, 8.25, 0.25],
			"rotation": {"angle": 0, "axis": "x", "origin": [8, 7.75, 8]},
			"faces": {
				"north": {"uv": [10, 3.5, 11, 4], "texture": "#0"},
				"east": {"uv": [10, 7, 10.5, 7.5], "texture": "#0"},
				"south": {"uv": [4, 10, 5, 10.5], "texture": "#0"},
				"west": {"uv": [8, 10, 8.5, 10.5], "texture": "#0"},
				"up": {"uv": [11, 4.5, 10, 4], "texture": "#0"},
				"down": {"uv": [11, 4.5, 10, 5], "texture": "#0"}
			}
		},
		{
			"from": [7.5, 7.25, -1.75],
			"to": [8.5, 8.25, -0.75],
			"rotation": {"angle": 0, "axis": "x", "origin": [8, 7.75, 8]},
			"faces": {
				"north": {"uv": [5, 10, 5.5, 10.5], "texture": "#0"},
				"east": {"uv": [10, 5, 10.5, 5.5], "texture": "#0"},
				"south": {"uv": [5.5, 10, 6, 10.5], "texture": "#0"},
				"west": {"uv": [10, 5.5, 10.5, 6], "texture": "#0"},
				"up": {"uv": [6.5, 10.5, 6, 10], "texture": "#0"},
				"down": {"uv": [10.5, 6, 10, 6.5], "texture": "#0"}
			}
		}
	]
}