{
	"credit": "Made by Sweenus using Blockbench",
	"texture_size": [32, 32],
	"textures": {
		"0": "simplyskills:item/projectile/swordfall",
		"particle": "simplyskills:item/projectile/swordfall"
	},
	"elements": [
		{
			"from": [7.5, 4.75, -2.75],
			"to": [8.5, 8.75, 14.25],
			"rotation": {"angle": 0, "axis": "y", "origin": [8, 14.75, 8]},
			"faces": {
				"north": {"uv": [7.5, 4.5, 9.5, 5], "rotation": 90, "texture": "#0"},
				"east": {"uv": [4, 0, 2, 8.5], "rotation": 270, "texture": "#0"},
				"south": {"uv": [9, 2, 11, 2.5], "rotation": 270, "texture": "#0"},
				"west": {"uv": [2, 8.5, 0, 0], "rotation": 270, "texture": "#0"},
				"up": {"uv": [4, 0, 12.5, 0.5], "rotation": 270, "texture": "#0"},
				"down": {"uv": [4, 0.5, 12.5, 1], "rotation": 270, "texture": "#0"}
			}
		},
		{
			"from": [7.25, 3.75, 14.25],
			"to": [8.75, 9.75, 16.25],
			"rotation": {"angle": 0, "axis": "y", "origin": [8, 14.75, 8]},
			"faces": {
				"north": {"uv": [4, 5, 7, 6], "rotation": 90, "texture": "#0"},
				"east": {"uv": [10, 5, 7, 6], "rotation": 270, "texture": "#0"},
				"south": {"uv": [4, 6, 7, 7], "rotation": 270, "texture": "#0"},
				"west": {"uv": [7, 8, 4, 7], "rotation": 270, "texture": "#0"},
				"up": {"uv": [0, 9.5, 1, 10.5], "rotation": 270, "texture": "#0"},
				"down": {"uv": [1, 9.5, 2, 10.5], "rotation": 270, "texture": "#0"}
			}
		},
		{
			"from": [7.25, 6, 16.25],
			"to": [8.75, 7.5, 20.25],
			"rotation": {"angle": 0, "axis": "y", "origin": [8, 14.75, 8]},
			"faces": {
				"north": {"uv": [2, 9.5, 3, 10.5], "rotation": 90, "texture": "#0"},
				"east": {"uv": [5, 8, 4, 10], "rotation": 270, "texture": "#0"},
				"south": {"uv": [9.5, 2.5, 10.5, 3.5], "rotation": 270, "texture": "#0"},
				"west": {"uv": [8, 9.5, 7, 7.5], "rotation": 270, "texture": "#0"},
				"up": {"uv": [7.5, 2.5, 9.5, 3.5], "rotation": 270, "texture": "#0"},
				"down": {"uv": [7.5, 3.5, 9.5, 4.5], "rotation": 270, "texture": "#0"}
			}
		},
		{
			"from": [6.75, 5.5, 20.25],
			"to": [9.25, 8, 22.25],
			"rotation": {"angle": 0, "axis": "y", "origin": [8, 14.75, 8]},
			"faces": {
				"north": {"uv": [7, 6, 8.5, 7.5], "rotation": 90, "texture": "#0"},
				"east": {"uv": [10.5, 1, 9, 2], "rotation": 270, "texture": "#0"},
				"south": {"uv": [7.5, 1, 9, 2.5], "rotation": 270, "texture": "#0"},
				"west": {"uv": [9.5, 9.5, 8, 8.5], "rotation": 270, "texture": "#0"},
				"up": {"uv": [3, 8.5, 4, 10], "rotation": 270, "texture": "#0"},
				"down": {"uv": [8.5, 6, 9.5, 7.5], "rotation": 270, "texture": "#0"}
			}
		},
		{
			"from": [7.5, 5.25, -3.75],
			"to": [8.5, 8.25, -2.75],
			"rotation": {"angle": 0, "axis": "y", "origin": [8, 14.75, 8]},
			"faces": {
				"north": {"uv": [9.5, 7.5, 11, 8], "rotation": 90, "texture": "#0"},
				"east": {"uv": [11, 8.5, 9.5, 9], "rotation": 270, "texture": "#0"},
				"south": {"uv": [8, 9.5, 9.5, 10], "rotation": 270, "texture": "#0"},
				"west": {"uv": [11, 8.5, 9.5, 8], "rotation": 270, "texture": "#0"},
				"up": {"uv": [6.5, 10, 7, 10.5], "rotation": 270, "texture": "#0"},
				"down": {"uv": [10, 6.5, 10.5, 7], "rotation": 270, "texture": "#0"}
			}
		},
		{
			"from": [7.5, 5.75, -4.75],
			"to": [8.5, 7.75, -3.75],
			"rotation": {"angle": 0, "axis": "y", "origin": [8, 14.75, 8]},
			"faces": {
				"north": {"uv": [10, 3.5, 11, 4], "rotation": 90, "texture": "#0"},
				"east": {"uv": [11, 4.5, 10, 5], "rotation": 270, "texture": "#0"},
				"south": {"uv": [4, 10, 5, 10.5], "rotation": 270, "texture": "#0"},
				"west": {"uv": [11, 4.5, 10, 4], "rotation": 270, "texture": "#0"},
				"up": {"uv": [10, 7, 10.5, 7.5], "rotation": 270, "texture": "#0"},
				"down": {"uv": [8, 10, 8.5, 10.5], "rotation": 270, "texture": "#0"}
			}
		},
		{
			"from": [7.5, 6.25, -5.75],
			"to": [8.5, 7.25, -4.75],
			"rotation": {"angle": 0, "axis": "y", "origin": [8, 14.75, 8]},
			"faces": {
				"north": {"uv": [5, 10, 5.5, 10.5], "rotation": 90, "texture": "#0"},
				"east": {"uv": [10.5, 6, 10, 6.5], "rotation": 270, "texture": "#0"},
				"south": {"uv": [5.5, 10, 6, 10.5], "rotation": 270, "texture": "#0"},
				"west": {"uv": [6.5, 10.5, 6, 10], "rotation": 270, "texture": "#0"},
				"up": {"uv": [10, 5, 10.5, 5.5], "rotation": 270, "texture": "#0"},
				"down": {"uv": [10, 5.5, 10.5, 6], "rotation": 270, "texture": "#0"}
			}
		}
	]
}