{
	"xpfympjrekzl2xg3": {
		"definition": "pathInitiate",
		"x": 0,
		"y": -73.9008344562721,
		"root": true
	},
	"tipi2rs1k21b0px5": {
		"definition": "pathWayfarer",
		"x": -64,
		"y": 36.95041722813605,
		"root": true
	},
	"9zqesev43zo55z96": {
		"definition": "pathWarrior",
		"x": 64,
		"y": 36.95041722813605,
		"root": true
	},
	"m0rktaxblopn7oep": {
		"definition": "movement_speed+1%",
		"x": -128,
		"y": 73.9008344562721,
		"root": false
	},
	"19cn2x6w7b4dpg9b": {
		"definition": "spell_crit_damage_additive+1%",
		"x": 0,
		"y": -147.8016689125442,
		"root": false
	},
	"lgg1c279s4wmdcsb": {
		"definition": "spell_crit_damage_additive+1%",
		"x": -128,
		"y": -73.9008344562721,
		"root": false
	},
	"5yrgfkgj4ke7xdov": {
		"definition": "stamina+5%",
		"x": 128,
		"y": -73.9008344562721,
		"root": false
	},
	"z4evmdabpp33kbvs": {
		"definition": "movement_speed+1%",
		"x": 0,
		"y": 147.8016689125442,
		"root": false
	},
	"vgdgjp0p0jf8tl4u": {
		"definition": "movement_speed+1%",
		"x": 0,
		"y": 221.70250336881628,
		"root": false
	},
	"3wlyo7piwp7gedsk": {
		"definition": "melee_damage+1%",
		"x": 192,
		"y": 110.85125168440814,
		"root": false
	},
	"xrn5tcsbomvcc8w6": {
		"definition": "stamina+5%",
		"x": 192,
		"y": -110.85125168440814,
		"root": false
	},
	"aopbr4jxx4u2hvme": {
		"definition": "spell_crit_damage_additive+1%",
		"x": 0,
		"y": -221.70250336881628,
		"root": false
	},
	"0rsu28u9t85432ad": {
		"definition": "spell_crit_damage_additive+1%",
		"x": -192,
		"y": -110.85125168440814,
		"root": false
	},
	"scjnzzklbgmt8e9n": {
		"definition": "movement_speed+1%",
		"x": -192,
		"y": 110.85125168440814,
		"root": false
	},
	"2ghlz2gdm4cby8kc": {
		"definition": "movement_speed+1%",
		"x": 0,
		"y": 295.6033378250884,
		"root": false
	},
	"s6gbox26c8ur0a0e": {
		"definition": "stamina+5%",
		"x": 256,
		"y": -147.8016689125442,
		"root": false
	},
	"91zu5xiqjrgyxjvg": {
		"definition": "spell_crit_damage_additive+1%",
		"x": -256,
		"y": -147.8016689125442,
		"root": false
	},
	"ua2k9iqcyjaj6mkq": {
		"definition": "movement_speed+1%",
		"x": -320,
		"y": 184.75208614068023,
		"root": false
	},
	"301zhrjnu96x1cpb": {
		"definition": "movement_speed+1%",
		"x": 0,
		"y": 369.50417228136047,
		"root": false
	},
	"xzwbwjylgebcgfnf": {
		"definition": "stamina+5%",
		"x": 320,
		"y": 184.75208614068023,
		"root": false
	},
	"2dpeg26s60j1eifb": {
		"definition": "stamina+5%",
		"x": 320,
		"y": -184.75208614068023,
		"root": false
	},
	"qiqgxj3guddtt96t": {
		"definition": "spell_crit_damage_additive+1%",
		"x": 0,
		"y": -369.50417228136047,
		"root": false
	},
	"gk6gsvxve09iygpg": {
		"definition": "spell_crit_damage_additive+1%",
		"x": -320,
		"y": -184.75208614068023,
		"root": false
	},
	"xsqi19knvd4k7gtk": {
		"definition": "jump_multi+2%",
		"x": -64,
		"y": 110.85125168440814,
		"root": false
	},
	"2lr8arp8ekludomx": {
		"definition": "health+2",
		"x": 64,
		"y": 110.85125168440814,
		"root": false
	},
	"09kndhfvjotamkce": {
		"definition": "health+2",
		"x": 128,
		"y": 0,
		"root": false
	},
	"658rnsbkbwnt2xe7": {
		"definition": "jump_multi+2%",
		"x": -128,
		"y": 0,
		"root": false
	},
	"q4de73lpg53kl5ah": {
		"definition": "spell_crit_chance_multi+1%",
		"x": 64,
		"y": -110.85125168440814,
		"root": false
	},
	"0q3ackqi7y3f1jp1": {
		"definition": "spell_crit_chance_multi+1%",
		"x": -64,
		"y": -110.85125168440814,
		"root": false
	},
	"vn38tiydkpcbye14": {
		"definition": "spell_healing_power_additive+1%",
		"x": 192,
		"y": 36.95041722813605,
		"root": false
	},
	"jk1k71k9np311d9j": {
		"definition": "resistance+1%",
		"x": 192,
		"y": -36.95041722813605,
		"root": false
	},
	"zpw6bgbiqqpv0z3c": {
		"definition": "movement_speed+1%",
		"x": 64,
		"y": 184.75208614068023,
		"root": false
	},
	"alldwbd2rggwlbfr": {
		"definition": "melee_damage+1%",
		"x": 128,
		"y": 147.8016689125442,
		"root": false
	},
	"zj15kai8iw6f25b1": {
		"definition": "ranged_damage+1%",
		"x": -128,
		"y": 147.8016689125442,
		"root": false
	},
	"5q07ak2qj6mi4fin": {
		"definition": "jump+1%",
		"x": -64,
		"y": 184.75208614068023,
		"root": false
	},
	"t2h7bc4jwvvfl0x9": {
		"definition": "melee_damage+1%",
		"x": -192,
		"y": 36.95041722813605,
		"root": false
	},
	"pfpiay7l8hcxosfi": {
		"definition": "melee_damage+1%",
		"x": -128,
		"y": -147.8016689125442,
		"root": false
	},
	"s0wdzwsvx1zx8c54": {
		"definition": "attack_speed+1%",
		"x": -64,
		"y": -184.75208614068023,
		"root": false
	},
	"tt92sgg2w8bonjvg": {
		"definition": "spell_crit_chance_additive+1%",
		"x": 64,
		"y": -184.75208614068023,
		"root": false
	},
	"b1b42rsxui5wbmmp": {
		"definition": "spell_healing_power_additive+1%",
		"x": 128,
		"y": -147.8016689125442,
		"root": false
	},
	"f81yth9m450wexyy": {
		"definition": "health+2",
		"x": 128,
		"y": 221.70250336881628,
		"root": false
	},
	"0fru4rhps8xhkpev": {
		"definition": "melee_damage+1%",
		"x": 192,
		"y": 184.75208614068023,
		"root": false
	},
	"7gqy180c4bpdxebc": {
		"definition": "movement_speed+1%",
		"x": 64,
		"y": 332.55375505322445,
		"root": false
	},
	"vyismpnvs53007v1": {
		"definition": "attack_speed+1%",
		"x": 128,
		"y": 295.6033378250884,
		"root": false
	},
	"bvzqoqbqlqt0r8d7": {
		"definition": "attack_speed+1%",
		"x": 192,
		"y": 258.6529205969523,
		"root": false
	},
	"591b9k2g5a73sefv": {
		"definition": "melee_damage+1%",
		"x": 256,
		"y": 221.70250336881628,
		"root": false
	},
	"b3ekctef47n2p4oz": {
		"definition": "spell_healing_power_additive+1%",
		"x": 256,
		"y": 73.9008344562721,
		"root": false
	},
	"g5v05jc10rg2nkvp": {
		"definition": "health+2",
		"x": 256,
		"y": 0,
		"root": false
	},
	"uc288zmmfcyzb9cy": {
		"definition": "resistance+1%",
		"x": 320,
		"y": -110.85125168440814,
		"root": false
	},
	"14w9rptswiy2nsm4": {
		"definition": "melee_damage+1%",
		"x": 320,
		"y": -36.95041722813605,
		"root": false
	},
	"po5vofmccko6mcvx": {
		"definition": "melee_damage+1%",
		"x": 320,
		"y": 36.95041722813605,
		"root": false
	},
	"f5w70kpp2esf050e": {
		"definition": "spell_healing_power_additive+1%",
		"x": 320,
		"y": 110.85125168440814,
		"root": false
	},
	"yb5kr8mbvq4onrp5": {
		"definition": "spell_crit_chance_multi+1%",
		"x": 128,
		"y": -221.70250336881628,
		"root": false
	},
	"d22n744bc20awsle": {
		"definition": "spell_crit_chance_additive+1%",
		"x": 64,
		"y": -258.6529205969523,
		"root": false
	},
	"0pk0prwn17p9st00": {
		"definition": "spell_crit_chance_additive+1%",
		"x": 64,
		"y": -332.55375505322445,
		"root": false
	},
	"ynfa230rm2r01inc": {
		"definition": "spell_lightning_damage_multi+1%",
		"x": 128,
		"y": -295.6033378250884,
		"root": false
	},
	"chx1ggm50vxev7a0": {
		"definition": "spell_fire_damage_multi+1%",
		"x": 192,
		"y": -258.6529205969523,
		"root": false
	},
	"rjeni2nm3mfa2aup": {
		"definition": "spell_healing_power_additive+1%",
		"x": 256,
		"y": -221.70250336881628,
		"root": false
	},
	"kjs9h4c84nvrr9rr": {
		"definition": "attack_speed+1%",
		"x": -64,
		"y": -258.6529205969523,
		"root": false
	},
	"0oimtskm1eevb3oo": {
		"definition": "spell_crit_chance_multi+1%",
		"x": -128,
		"y": -221.70250336881628,
		"root": false
	},
	"291zynonqncldo2z": {
		"definition": "melee_damage+1%",
		"x": -256,
		"y": -221.70250336881628,
		"root": false
	},
	"w4deypvw2p7p46kr": {
		"definition": "spell_fire_damage_multi+1%",
		"x": -192,
		"y": -258.6529205969523,
		"root": false
	},
	"mb64l2jmcywt18wg": {
		"definition": "spell_lightning_damage_multi+1%",
		"x": -128,
		"y": -295.6033378250884,
		"root": false
	},
	"2vi6q2s195pq4n0v": {
		"definition": "attack_speed+1%",
		"x": -64,
		"y": -332.55375505322445,
		"root": false
	},
	"v5027okhti2p642t": {
		"definition": "melee_damage+1%",
		"x": -256,
		"y": 73.9008344562721,
		"root": false
	},
	"f21pf03whe0gmxis": {
		"definition": "jump_multi+2%",
		"x": -256,
		"y": 0,
		"root": false
	},
	"2c2nf5080svqsfdi": {
		"definition": "jump+1%",
		"x": -256,
		"y": -73.9008344562721,
		"root": false
	},
	"sxisfes052m7upot": {
		"definition": "jump+1%",
		"x": -320,
		"y": -110.85125168440814,
		"root": false
	},
	"vqoacih73d3wazgr": {
		"definition": "attack_speed+1%",
		"x": -320,
		"y": -36.95041722813605,
		"root": false
	},
	"vt60d7lte2ksv2qu": {
		"definition": "attack_speed+1%",
		"x": -320,
		"y": 36.95041722813605,
		"root": false
	},
	"84blp9cb5exi2eac": {
		"definition": "melee_damage+1%",
		"x": -320,
		"y": 110.85125168440814,
		"root": false
	},
	"29l457cjwkt1mg4s": {
		"definition": "ranged_damage+1%",
		"x": -192,
		"y": 184.75208614068023,
		"root": false
	},
	"9rz5ie26xy58awsl": {
		"definition": "jump_multi+2%",
		"x": -128,
		"y": 221.70250336881628,
		"root": false
	},
	"m7k1epm8jt8u4zdi": {
		"definition": "ranged_damage+1%",
		"x": -256,
		"y": 221.70250336881628,
		"root": false
	},
	"tfhn8k5pdwq48r5y": {
		"definition": "spell_crit_chance_additive+1%",
		"x": -192,
		"y": 258.6529205969523,
		"root": false
	},
	"xzeelawo6e7cx68j": {
		"definition": "spell_crit_chance_additive+1%",
		"x": -128,
		"y": 295.6033378250884,
		"root": false
	},
	"p7mghfbowm9qvpzl": {
		"definition": "jump+1%",
		"x": -64,
		"y": 332.55375505322445,
		"root": false
	},
	"kooyuzg8sbf11lc5": {
		"definition": "movement_speed+1%",
		"x": 0,
		"y": 443.40500673763256,
		"root": false
	},
	"e7lqkzdisjxt4xdc": {
		"definition": "stamina+5%",
		"x": 384,
		"y": -221.70250336881628,
		"root": false
	},
	"sf21uhphzxu8lrgn": {
		"definition": "spell_crit_damage_additive+1%",
		"x": 0,
		"y": -443.40500673763256,
		"root": false
	},
	"u2jh5ji09e0nkrfq": {
		"definition": "spell_crit_damage_additive+1%",
		"x": -384,
		"y": -221.70250336881628,
		"root": false
	},
	"4dha6q4k19o95cnp": {
		"definition": "movement_speed+1%",
		"x": -384,
		"y": 221.70250336881628,
		"root": false
	},
	"58qs8fz38dl2qwl9": {
		"definition": "spell_crit_chance_additive+1%",
		"x": -256,
		"y": 295.6033378250884,
		"root": false
	},
	"ylr94qqqzkw4hf06": {
		"definition": "wayfarerUnseen",
		"x": -192,
		"y": 332.55375505322445,
		"root": false
	},
	"qplxge3aq9juvp3g": {
		"definition": "spell_crit_chance_additive+1%",
		"x": -128,
		"y": 369.50417228136047,
		"root": false
	},
	"wyc41rdvks4opvd0": {
		"definition": "attack_speed+1%",
		"x": 128,
		"y": 369.50417228136047,
		"root": false
	},
	"lzbf1rqhs7c0lwq9": {
		"definition": "warriorFrenzy",
		"x": 192,
		"y": 332.55375505322445,
		"root": false
	},
	"zi05h2f066z863xv": {
		"definition": "attack_speed+1%",
		"x": 256,
		"y": 295.6033378250884,
		"root": false
	},
	"aam0o35ybzde9c3n": {
		"definition": "melee_damage+1%",
		"x": 384,
		"y": 73.9008344562721,
		"root": false
	},
	"76yjx504zpenspon": {
		"definition": "warriorSpellbreaker",
		"x": 384,
		"y": 0,
		"root": false
	},
	"weex66r823rxnw89": {
		"definition": "melee_damage+1%",
		"x": 384,
		"y": -73.9008344562721,
		"root": false
	},
	"pybzvomzl454gli7": {
		"definition": "resistance+1%",
		"x": 384,
		"y": -147.8016689125442,
		"root": false
	},
	"uozsldmklcbqxuo2": {
		"definition": "spell_frost_damage_multi+1%",
		"x": 256,
		"y": -295.6033378250884,
		"root": false
	},
	"bnvgmcy3ruk5h4kx": {
		"definition": "initiatePerilousPrecision",
		"x": 192,
		"y": -332.55375505322445,
		"root": false
	},
	"17qk2q84vdzscq97": {
		"definition": "spell_arcane_damage_multi+1%",
		"x": 128,
		"y": -369.50417228136047,
		"root": false
	},
	"lfogekmm8o5pq3xl": {
		"definition": "spell_soul_damage_multi+1%",
		"x": -128,
		"y": -369.50417228136047,
		"root": false
	},
	"x0eke7vbrvrb116p": {
		"definition": "initiateEldritchEnfeeblement",
		"x": -192,
		"y": -332.55375505322445,
		"root": false
	},
	"pk6btd6g4dw0ynbb": {
		"definition": "spell_frost_damage_multi+1%",
		"x": -256,
		"y": -295.6033378250884,
		"root": false
	},
	"a051uz4mfn1vedxt": {
		"definition": "initiateSpellcloak",
		"x": -384,
		"y": -147.8016689125442,
		"root": false
	},
	"px48pwm8qlenji8q": {
		"definition": "attack_speed+1%",
		"x": -384,
		"y": -73.9008344562721,
		"root": false
	},
	"bnv46qh3cx1709r0": {
		"definition": "wayfarerReflexive",
		"x": -384,
		"y": 0,
		"root": false
	},
	"ayyhnhlhvv8zm1d4": {
		"definition": "attack_speed+1%",
		"x": -384,
		"y": 73.9008344562721,
		"root": false
	},
	"2ftx3luqs6flpk46": {
		"definition": "movement_speed+1%",
		"x": -448,
		"y": 256,
		"root": false
	},
	"fblggw09uwd4mk3d": {
		"definition": "portalSapphire",
		"x": 0,
		"y": 517.3058411939046,
		"root": false
	},
	"2p0nolgl9qv6xel4": {
		"definition": "stamina+5%",
		"x": 448,
		"y": 258.6529205969523,
		"root": false
	},
	"fiu4o4g48u8ja1j7": {
		"definition": "stamina+5%",
		"x": 448,
		"y": -258.6529205969523,
		"root": false
	},
	"4jsg72vigi1qyj9j": {
		"definition": "portalSapphire",
		"x": 0,
		"y": -517.3058411939046,
		"root": false
	},
	"an3nyytoy80ezud2": {
		"definition": "spell_crit_damage_additive+1%",
		"x": -448,
		"y": -258.6529205969523,
		"root": false
	},
	"gvao6ova3iffiwqj": {
		"definition": "movement_speed+1%",
		"x": -384,
		"y": 295.6033378250883,
		"root": false
	},
	"g7kn7tph74vk6qk2": {
		"definition": "spell_crit_chance_additive+1%",
		"x": -320,
		"y": 332.55375505322434,
		"root": false
	},
	"mry8yzbei0jlpnxb": {
		"definition": "movement_speed+1%",
		"x": -256,
		"y": 369.5041722813604,
		"root": false
	},
	"vy9i6r6vwvpki62i": {
		"definition": "movement_speed+1%",
		"x": -192,
		"y": 406.4545895094965,
		"root": false
	},
	"fwgocm0eybq2747b": {
		"definition": "spell_crit_chance_additive+1%",
		"x": -128,
		"y": 443.4050067376325,
		"root": false
	},
	"p98p4p1dqelj658j": {
		"definition": "movement_speed+1%",
		"x": -64,
		"y": 480.3554239657685,
		"root": false
	},
	"4l4l3d0uqz2bmfkk": {
		"definition": "movement_speed+1%",
		"x": 64,
		"y": 480.35542396576864,
		"root": false
	},
	"n1hr8w1asjwyhod8": {
		"definition": "attack_speed+1%",
		"x": 128,
		"y": 443.40500673763256,
		"root": false
	},
	"lu6760be6aqnbjpx": {
		"definition": "stamina+5%",
		"x": 192,
		"y": 406.4545895094965,
		"root": false
	},
	"awpcmt3hf58nrozx": {
		"definition": "stamina+5%",
		"x": 256,
		"y": 369.50417228136047,
		"root": false
	},
	"ovimgoxlnuzn4c92": {
		"definition": "attack_speed+1%",
		"x": 320,
		"y": 332.55375505322445,
		"root": false
	},
	"m0jtes0971d5dbpz": {
		"definition": "resistance+1%",
		"x": 384,
		"y": 295.6033378250884,
		"root": false
	},
	"xa6i95r78jagmlp1": {
		"definition": "melee_damage+1%",
		"x": 448,
		"y": 184.7520861406802,
		"root": false
	},
	"mqcp578dtk9maxw0": {
		"definition": "melee_damage+1%",
		"x": 448,
		"y": 110.85125168440811,
		"root": false
	},
	"tzldz1srwbcoz4xa": {
		"definition": "stamina+5%",
		"x": 448,
		"y": 36.95041722813602,
		"root": false
	},
	"p5czucfm7f3126hu": {
		"definition": "stamina+5%",
		"x": 448,
		"y": -36.950417228136075,
		"root": false
	},
	"2pzv3i9y2arjqg3n": {
		"definition": "melee_damage+1%",
		"x": 448,
		"y": -110.85125168440817,
		"root": false
	},
	"2dj4kw50eevlb90h": {
		"definition": "resistance+1%",
		"x": 448,
		"y": -184.75208614068026,
		"root": false
	},
	"uv3ze6ietmtlrhjh": {
		"definition": "spell_healing_power_additive+1%",
		"x": 384,
		"y": -295.6033378250883,
		"root": false
	},
	"rpvhhbv6lm6t6d0j": {
		"definition": "spell_haste_additive+1%",
		"x": 320,
		"y": -332.55375505322434,
		"root": false
	},
	"zgtp328oyswu7w8o": {
		"definition": "spell_haste_additive+1%",
		"x": 256,
		"y": -369.5041722813604,
		"root": false
	},
	"y6e5pi2t8i851v22": {
		"definition": "spell_haste_additive+1%",
		"x": 128,
		"y": -443.4050067376325,
		"root": false
	},
	"hdsk268y00hwdhdc": {
		"definition": "movement_speed+1%",
		"x": 64,
		"y": -480.3554239657685,
		"root": false
	},
	"cals3ugsnmta7ceh": {
		"definition": "movement_speed+1%",
		"x": -64,
		"y": -480.35542396576864,
		"root": false
	},
	"opv1zldnso64bqw6": {
		"definition": "spell_haste_additive+1%",
		"x": -128,
		"y": -443.40500673763256,
		"root": false
	},
	"xglmykxisj9gaypy": {
		"definition": "spell_haste_additive+1%",
		"x": -192,
		"y": -406.4545895094965,
		"root": false
	},
	"r8a5y3xa7ecxy7we": {
		"definition": "spell_haste_additive+1%",
		"x": -256,
		"y": -369.50417228136047,
		"root": false
	},
	"ymhdtvprbebigmsy": {
		"definition": "spell_haste_additive+1%",
		"x": -320,
		"y": -332.55375505322445,
		"root": false
	},
	"5pyaaj9z6q5oq672": {
		"definition": "spell_crit_chance_additive+1%",
		"x": -384,
		"y": -295.6033378250884,
		"root": false
	},
	"i3p03odytv7h58hz": {
		"definition": "jump+1%",
		"x": -448,
		"y": -184.7520861406802,
		"root": false
	},
	"mioslu1qtag8p76a": {
		"definition": "attack_speed+1%",
		"x": -448,
		"y": -110.85125168440811,
		"root": false
	},
	"o2is5ive25amfsq8": {
		"definition": "movement_speed+1%",
		"x": -448,
		"y": -36.95041722813602,
		"root": false
	},
	"owsd1oh3ejuj8ck6": {
		"definition": "movement_speed+1%",
		"x": -448,
		"y": 36.950417228136075,
		"root": false
	},
	"7oim2bwuycezkc7v": {
		"definition": "attack_speed+1%",
		"x": -448,
		"y": 110.85125168440817,
		"root": false
	},
	"5xoaloj4327i7bt8": {
		"definition": "jump+1%",
		"x": -448,
		"y": 184.75208614068026,
		"root": false
	},
	"fllh5lt74qbdfy90": {
		"definition": "berserkerPath",
		"x": 384,
		"y": 369.50417228136047,
		"root": false
	},
	"kx8w660c2twzgsj9": {
		"definition": "crusaderPath",
		"x": 512,
		"y": 147.8016689125442,
		"root": false
	},
	"ad89uxl6gnwb2xa5": {
		"definition": "shamanPath",
		"x": 256,
		"y": -443.40500673763256,
		"root": false
	},
	"amtacp7z2f28pvtl": {
		"definition": "wizardPath",
		"x": 128,
		"y": -517.3058411939046,
		"root": false
	},
	"cxtj5vjpi93xqqal": {
		"definition": "spellbladePath",
		"x": -128,
		"y": -517.3058411939046,
		"root": false
	},
	"avppi98lihji7kr3": {
		"definition": "necromancerPath",
		"x": -256,
		"y": -443.40500673763256,
		"root": false
	},
	"ib0a72j4dae7m4dx": {
		"definition": "roguePath",
		"x": -512,
		"y": 147.8016689125442,
		"root": false
	},
	"rlpa0zbspqxpn4vr": {
		"definition": "rangerPath",
		"x": -384,
		"y": 369.50417228136047,
		"root": false
	},
	"seovhlfjsltfbyp7": {
		"definition": "clericPath",
		"x": 384,
		"y": -369.50417228136047,
		"root": false
	},
	"nztqtwgdad3ikort": {
		"definition": "spell_haste_additive+1%",
		"x": 192,
		"y": -406.4545895094965,
		"root": false
	},
	"3izujs3cybhdzblp": {
		"definition": "ranged_damage+1%",
		"x": -288,
		"y": 277.12812921102034,
		"root": false
	},
	"1mvr1unhmyvxxho1": {
		"definition": "ranged_damage+1%",
		"x": -320,
		"y": 295.6033378250884,
		"root": false
	},
	"10v0k6yq1cgim39a": {
		"definition": "wayfarerSneak",
		"x": -320,
		"y": 258.6529205969523,
		"root": false
	},
	"mkee8t534bwr5hb1": {
		"definition": "ranged_damage+1%",
		"x": -288,
		"y": 240.17771198288426,
		"root": false
	},
	"0c9xjsr25e1ngx8i": {
		"definition": "movement_speed+1%",
		"x": -320,
		"y": 221.70250336881625,
		"root": false
	},
	"s64liix47ywa62da": {
		"definition": "movement_speed+1%",
		"x": -352,
		"y": 240.17771198288432,
		"root": false
	},
	"p4v3irq4yblciql4": {
		"definition": "movement_speed+1%",
		"x": -352,
		"y": 277.1281292110204,
		"root": false
	},
	"j4dlu4n82vj47dbp": {
		"definition": "wayfarerStealth",
		"x": -384,
		"y": 147.8016689125442,
		"root": false
	},
	"ozsy8fryycddd9u0": {
		"definition": "melee_damage+1%",
		"x": -352,
		"y": 129.3264602984762,
		"root": false
	},
	"e4tbmuoaza0str9p": {
		"definition": "melee_damage+1%",
		"x": -384,
		"y": 110.85125168440817,
		"root": false
	},
	"bq7j1qb85objvo8c": {
		"definition": "melee_damage+1%",
		"x": -416,
		"y": 129.32646029847615,
		"root": false
	},
	"44fqjw7p9b5nbqt4": {
		"definition": "jump+1%",
		"x": -352,
		"y": 166.27687752661222,
		"root": false
	},
	"yewr50haek0jul8c": {
		"definition": "jump+1%",
		"x": -384,
		"y": 184.7520861406802,
		"root": false
	},
	"zu0auki4tydb46lu": {
		"definition": "jump+1%",
		"x": -416,
		"y": 166.27687752661217,
		"root": false
	},
	"apfs7w6sbchad164": {
		"definition": "wayfarerGuarding",
		"x": -256,
		"y": 147.8016689125442,
		"root": false
	},
	"xj034q710whl2mne": {
		"definition": "attack_speed+1%",
		"x": -352,
		"y": 18.475208614068038,
		"root": false
	},
	"gocfoc2bgqoyu7w6": {
		"definition": "attack_speed+1%",
		"x": -384,
		"y": 36.95041722813602,
		"root": false
	},
	"w0m9sjy8hq8rcl0i": {
		"definition": "attack_speed+1%",
		"x": -416,
		"y": 18.47520861406798,
		"root": false
	},
	"i3q8vabomu48bsaw": {
		"definition": "movement_speed+1%",
		"x": -416,
		"y": -18.475208614068038,
		"root": false
	},
	"gze1guo60u6h0ydp": {
		"definition": "movement_speed+1%",
		"x": -384,
		"y": -36.95041722813605,
		"root": false
	},
	"0ei6434vakjf4efj": {
		"definition": "movement_speed+1%",
		"x": -352,
		"y": -18.47520861406801,
		"root": false
	},
	"hmpm8pxndurjtvyz": {
		"definition": "spell_crit_chance_additive+1%",
		"x": -192,
		"y": 295.6033378250884,
		"root": false
	},
	"e2i71yhuxbdh9zp9": {
		"definition": "spell_crit_chance_additive+1%",
		"x": -224,
		"y": 314.0785464391564,
		"root": false
	},
	"o8v6ayuvu0w0zzgh": {
		"definition": "spell_crit_chance_additive+1%",
		"x": -224,
		"y": 351.0289636672925,
		"root": false
	},
	"urdo7vdl47la92pz": {
		"definition": "movement_speed+1%",
		"x": -160,
		"y": 314.07854643915636,
		"root": false
	},
	"ncfvzmphq05f62cn": {
		"definition": "movement_speed+1%",
		"x": -160,
		"y": 351.02896366729243,
		"root": false
	},
	"ecmf73jdr4xxhowg": {
		"definition": "movement_speed+1%",
		"x": -192,
		"y": 369.5041722813605,
		"root": false
	},
	"tob76vnl985wl5j5": {
		"definition": "melee_damage+1%",
		"x": -288,
		"y": 129.32646029847615,
		"root": false
	},
	"ba1fk0dvvmhj0vtx": {
		"definition": "melee_damage+1%",
		"x": -256,
		"y": 110.85125168440811,
		"root": false
	},
	"pwst6yhrd9w37r3t": {
		"definition": "melee_damage+1%",
		"x": -224,
		"y": 129.32646029847615,
		"root": false
	},
	"1gn97gc8wfxw1dhw": {
		"definition": "ranged_damage+1%",
		"x": -224,
		"y": 166.27687752661222,
		"root": false
	},
	"j0f04l7hapgpncbk": {
		"definition": "ranged_damage+1%",
		"x": -256,
		"y": 184.75208614068026,
		"root": false
	},
	"0a0mr1plxeu7wpvc": {
		"definition": "ranged_damage+1%",
		"x": -288,
		"y": 166.27687752661222,
		"root": false
	},
	"odfah5skrjwvwmn3": {
		"definition": "warriorMediumArmorMastery",
		"x": 320,
		"y": 258.6529205969523,
		"root": false
	},
	"5o6a4ijsol0u1qti": {
		"definition": "warriorHeavyArmorMastery",
		"x": 384,
		"y": 147.8016689125442,
		"root": false
	},
	"fnt3fibcbt6ev7ei": {
		"definition": "stamina+5%",
		"x": 384,
		"y": 221.70250336881628,
		"root": false
	},
	"tig3f7onxxvz33cw": {
		"definition": "warriorDeathDefy",
		"x": 256,
		"y": 147.8016689125442,
		"root": false
	},
	"fm976fajc2qb9fs0": {
		"definition": "warriorGoliath",
		"x": 64,
		"y": 258.6529205969523,
		"root": false
	},
	"hdiq3q8b406mn5wi": {
		"definition": "warriorHeavyWeight",
		"x": 64,
		"y": 406.4545895094965,
		"root": false
	},
	"a6fep6ambwox6f0r": {
		"definition": "spell_healing_power_additive+1%",
		"x": 352,
		"y": 129.32646029847615,
		"root": false
	},
	"776ot7bx2195yffl": {
		"definition": "spell_healing_power_additive+1%",
		"x": 384,
		"y": 110.85125168440814,
		"root": false
	},
	"a6e002w05obf0giw": {
		"definition": "spell_healing_power_additive+1%",
		"x": 416,
		"y": 129.32646029847618,
		"root": false
	},
	"5oa5su6h9k8l3l9f": {
		"definition": "melee_damage+1%",
		"x": 352,
		"y": 166.2768775266122,
		"root": false
	},
	"09xzxgj5vi7h0l60": {
		"definition": "melee_damage+1%",
		"x": 384,
		"y": 184.75208614068023,
		"root": false
	},
	"ej0gr4ctj91el6lk": {
		"definition": "melee_damage+1%",
		"x": 416,
		"y": 166.27687752661222,
		"root": false
	},
	"794mmx1pfyyna7qq": {
		"definition": "resistance+1%",
		"x": 352,
		"y": 277.12812921102034,
		"root": false
	},
	"yoa6zsjc7jx3r8g6": {
		"definition": "melee_damage+1%",
		"x": 320,
		"y": 295.6033378250884,
		"root": false
	},
	"ura7atp7u89s20jo": {
		"definition": "melee_damage+1%",
		"x": 288,
		"y": 277.12812921102034,
		"root": false
	},
	"52bikzcwabzxu05j": {
		"definition": "melee_damage+1%",
		"x": 288,
		"y": 240.17771198288432,
		"root": false
	},
	"1y84lj3uiy34g0bz": {
		"definition": "resistance+1%",
		"x": 352,
		"y": 240.1777119828843,
		"root": false
	},
	"bouns3csotf4fcum": {
		"definition": "resistance+1%",
		"x": 320,
		"y": 221.70250336881628,
		"root": false
	},
	"zmmpou85vj5ldmgc": {
		"definition": "melee_damage+1%",
		"x": 224,
		"y": 129.32646029847615,
		"root": false
	},
	"egqw51p8jutte1c1": {
		"definition": "spell_healing_power_additive+1%",
		"x": 256,
		"y": 110.85125168440814,
		"root": false
	},
	"k8xc08wdd6u2dqkb": {
		"definition": "spell_healing_power_additive+1%",
		"x": 288,
		"y": 129.32646029847618,
		"root": false
	},
	"xctjs6h635d6oxyf": {
		"definition": "melee_damage+1%",
		"x": 224,
		"y": 166.2768775266122,
		"root": false
	},
	"cet87hoc06ptp9cj": {
		"definition": "melee_damage+1%",
		"x": 256,
		"y": 184.75208614068023,
		"root": false
	},
	"a56xlg5tucg7fexw": {
		"definition": "spell_healing_power_additive+1%",
		"x": 288,
		"y": 166.27687752661222,
		"root": false
	},
	"4ab5i3236qsa29kh": {
		"definition": "melee_damage+1%",
		"x": 416,
		"y": -18.47520861406798,
		"root": false
	},
	"40oq0knf7p1pk2no": {
		"definition": "melee_damage+1%",
		"x": 384,
		"y": -36.95041722813602,
		"root": false
	},
	"94mnenssscbcyftl": {
		"definition": "melee_damage+1%",
		"x": 352,
		"y": -18.475208614068038,
		"root": false
	},
	"u9ds84x4x6tcjffn": {
		"definition": "stamina+5%",
		"x": 352,
		"y": 18.47520861406801,
		"root": false
	},
	"w4tvynffgrer2qx6": {
		"definition": "stamina+5%",
		"x": 384,
		"y": 36.95041722813605,
		"root": false
	},
	"iup60hbynyst6zj3": {
		"definition": "stamina+5%",
		"x": 416,
		"y": 18.475208614068038,
		"root": false
	},
	"indtmo8b3o3e4ry0": {
		"definition": "stamina+5%",
		"x": 192,
		"y": 369.5041722813604,
		"root": false
	},
	"nhr7y9ekv6xjl7np": {
		"definition": "stamina+5%",
		"x": 160,
		"y": 351.02896366729243,
		"root": false
	},
	"qdv24or9hrv95lhk": {
		"definition": "stamina+5%",
		"x": 160,
		"y": 314.0785464391564,
		"root": false
	},
	"2w8qnw345dnj2mog": {
		"definition": "attack_speed+1%",
		"x": 192,
		"y": 295.6033378250884,
		"root": false
	},
	"utbj6i3bs9iy0xon": {
		"definition": "attack_speed+1%",
		"x": 224,
		"y": 314.0785464391564,
		"root": false
	},
	"yaz8066ceemy7khn": {
		"definition": "attack_speed+1%",
		"x": 224,
		"y": 351.02896366729243,
		"root": false
	},
	"n53fzoasgrjn19ex": {
		"definition": "movement_speed+1%",
		"x": 64,
		"y": 443.40500673763256,
		"root": false
	},
	"icpo7pce56azm132": {
		"definition": "jump+1%",
		"x": 32,
		"y": 424.9297981235645,
		"root": false
	},
	"0btku46pus5p1vqk": {
		"definition": "jump+1%",
		"x": 32,
		"y": 387.9793808954285,
		"root": false
	},
	"x13kxv01hubhg6kb": {
		"definition": "jump+1%",
		"x": 64,
		"y": 369.5041722813605,
		"root": false
	},
	"i7x1mpi5cjf5yvkw": {
		"definition": "jump+1%",
		"x": 64,
		"y": 295.6033378250884,
		"root": false
	},
	"0733g0196m2l3vhg": {
		"definition": "jump+1%",
		"x": 32,
		"y": 277.12812921102034,
		"root": false
	},
	"i5p4g7dshvgn435m": {
		"definition": "jump+1%",
		"x": 32,
		"y": 240.17771198288432,
		"root": false
	},
	"5mf09hy42yexo5df": {
		"definition": "movement_speed+1%",
		"x": 64,
		"y": 221.70250336881628,
		"root": false
	},
	"6yz3q6exwin8y773": {
		"definition": "movement_speed+1%",
		"x": 96,
		"y": 240.17771198288432,
		"root": false
	},
	"el02290r0e3p7sb9": {
		"definition": "movement_speed+1%",
		"x": 96,
		"y": 277.12812921102034,
		"root": false
	},
	"qf95jsl0904pzxt8": {
		"definition": "movement_speed+1%",
		"x": 96,
		"y": 424.9297981235645,
		"root": false
	},
	"e57tmwjqvrwe9wwm": {
		"definition": "movement_speed+1%",
		"x": 96,
		"y": 387.9793808954285,
		"root": false
	},
	"25z1vqo6cvu4ujfo": {
		"definition": "initiateGambit",
		"x": 0,
		"y": -295.6033378250884,
		"root": false
	},
	"dzixyn5tgtifq6rv": {
		"definition": "initiateEmpower",
		"x": -64,
		"y": -406.4545895094965,
		"root": false
	},
	"6ebh5xoq0dutz8u4": {
		"definition": "initiateAttuned",
		"x": 64,
		"y": -406.4545895094965,
		"root": false
	},
	"flou9skomwl9qvdq": {
		"definition": "warriorCarnage",
		"x": 256,
		"y": -73.9008344562721,
		"root": false
	},
	"dikky43lr7h6sn2t": {
		"definition": "initiateLightningRod",
		"x": 320,
		"y": -258.6529205969523,
		"root": false
	},
	"pudmdza96cel9knj": {
		"definition": "initiateHasty",
		"x": 192,
		"y": -184.75208614068023,
		"root": false
	},
	"f8wi4b3k2um39mq1": {
		"definition": "initiateNullification",
		"x": -192,
		"y": -184.75208614068023,
		"root": false
	},
	"jn70ztv3rqxgakgs": {
		"definition": "attack_speed+1%",
		"x": 0,
		"y": -258.6529205969523,
		"root": false
	},
	"qgz5knf8nw5ylp1j": {
		"definition": "attack_speed+1%",
		"x": -32,
		"y": -277.12812921102034,
		"root": false
	},
	"k36veaawchpzz2kt": {
		"definition": "attack_speed+1%",
		"x": -32,
		"y": -314.0785464391564,
		"root": false
	},
	"q8ocnn18un1meetw": {
		"definition": "spell_crit_chance_additive+1%",
		"x": 0,
		"y": -332.55375505322445,
		"root": false
	},
	"2us4c2epa1jrbh1a": {
		"definition": "spell_crit_chance_additive+1%",
		"x": 32,
		"y": -314.0785464391564,
		"root": false
	},
	"8jsalb1n1ucisj3m": {
		"definition": "spell_crit_chance_additive+1%",
		"x": 32,
		"y": -277.12812921102034,
		"root": false
	},
	"kimqqva5dptratay": {
		"definition": "spell_crit_chance_additive+1%",
		"x": 64,
		"y": -369.5041722813604,
		"root": false
	},
	"jwh1qww4eqtp83wb": {
		"definition": "spell_crit_chance_additive+1%",
		"x": 96,
		"y": -387.9793808954285,
		"root": false
	},
	"sa28mk2abnjicvvm": {
		"definition": "spell_crit_chance_additive+1%",
		"x": 96,
		"y": -424.9297981235646,
		"root": false
	},
	"ly7uno5oitn7ybqt": {
		"definition": "attack_speed+1%",
		"x": -64,
		"y": -369.5041722813605,
		"root": false
	},
	"86oowzgxlt58kfyx": {
		"definition": "attack_speed+1%",
		"x": -96,
		"y": -387.9793808954285,
		"root": false
	},
	"nt68q4vidvwqinql": {
		"definition": "attack_speed+1%",
		"x": -96,
		"y": -424.9297981235645,
		"root": false
	},
	"kwhwtmxix7eq8x0f": {
		"definition": "movement_speed+1%",
		"x": -64,
		"y": -443.40500673763256,
		"root": false
	},
	"2hc69me5nm3oitbk": {
		"definition": "movement_speed+1%",
		"x": -32,
		"y": -424.9297981235645,
		"root": false
	},
	"aib09jhstbzkd9d1": {
		"definition": "movement_speed+1%",
		"x": -32,
		"y": -387.9793808954285,
		"root": false
	},
	"p6oxhjzwlkgjgdli": {
		"definition": "movement_speed+1%",
		"x": 64,
		"y": -443.40500673763256,
		"root": false
	},
	"m0fttxr52my5qgwj": {
		"definition": "movement_speed+1%",
		"x": 32,
		"y": -424.9297981235645,
		"root": false
	},
	"4q68ytt2qnx5972p": {
		"definition": "movement_speed+1%",
		"x": 32,
		"y": -387.97938089542845,
		"root": false
	},
	"1bvvlbaz4qhyf7rz": {
		"definition": "spell_healing_power_additive+1%",
		"x": 160,
		"y": -166.27687752661217,
		"root": false
	},
	"oiu6ehtk4tdkg8hf": {
		"definition": "spell_healing_power_additive+1%",
		"x": 160,
		"y": -203.22729475474824,
		"root": false
	},
	"aybtk66870k2ftvr": {
		"definition": "spell_healing_power_additive+1%",
		"x": 192,
		"y": -221.7025033688163,
		"root": false
	},
	"t2l2k8m2s8agrun4": {
		"definition": "resistance+1%",
		"x": 192,
		"y": -147.80166891254416,
		"root": false
	},
	"ujcpuo0dgtdzyp3h": {
		"definition": "resistance+1%",
		"x": 224,
		"y": -166.27687752661222,
		"root": false
	},
	"1d6y4cm5yr587ygy": {
		"definition": "resistance+1%",
		"x": 224,
		"y": -203.2272947547483,
		"root": false
	},
	"78zsbafijdr0zjpx": {
		"definition": "resistance+1%",
		"x": 288,
		"y": -240.17771198288426,
		"root": false
	},
	"ghdn10v02eq9lmiq": {
		"definition": "resistance+1%",
		"x": 288,
		"y": -277.12812921102034,
		"root": false
	},
	"mnokn0ra9s92zwrt": {
		"definition": "resistance+1%",
		"x": 320,
		"y": -295.6033378250884,
		"root": false
	},
	"wedjrjhls5fxfnsk": {
		"definition": "spell_healing_power_additive+1%",
		"x": 320,
		"y": -221.70250336881625,
		"root": false
	},
	"d8cf7zj5ulx4slkb": {
		"definition": "spell_healing_power_additive+1%",
		"x": 352,
		"y": -240.17771198288432,
		"root": false
	},
	"bi9f4v3bnx21rbql": {
		"definition": "spell_healing_power_additive+1%",
		"x": 352,
		"y": -277.1281292110204,
		"root": false
	},
	"8f9ea15isso6yxrr": {
		"definition": "melee_damage+1%",
		"x": -160,
		"y": -166.27687752661222,
		"root": false
	},
	"kh25oswez15jy81z": {
		"definition": "melee_damage+1%",
		"x": -192,
		"y": -147.8016689125442,
		"root": false
	},
	"2k2wewmqjb5s8jax": {
		"definition": "melee_damage+1%",
		"x": -224,
		"y": -166.2768775266122,
		"root": false
	},
	"78qd2uw52clgun7h": {
		"definition": "spell_crit_damage_additive+1%",
		"x": -224,
		"y": -203.22729475474824,
		"root": false
	},
	"w729vb6800bjid3l": {
		"definition": "spell_crit_damage_additive+1%",
		"x": -192,
		"y": -221.70250336881628,
		"root": false
	},
	"1cwpv97ktc6ig2ax": {
		"definition": "spell_crit_damage_additive+1%",
		"x": -160,
		"y": -203.22729475474824,
		"root": false
	},
	"lr576jguxpvpwyzf": {
		"definition": "spell_crit_damage_additive+1%",
		"x": 192,
		"y": -295.6033378250884,
		"root": false
	},
	"uyg8pw9w1stih4og": {
		"definition": "spell_crit_damage_additive+1%",
		"x": 224,
		"y": -314.0785464391564,
		"root": false
	},
	"5l32hso8fq54zp94": {
		"definition": "spell_crit_damage_additive+1%",
		"x": 224,
		"y": -351.0289636672925,
		"root": false
	},
	"7mpt1qemxhk48i1o": {
		"definition": "spell_crit_damage_additive+1%",
		"x": -192,
		"y": -295.6033378250884,
		"root": false
	},
	"oy051r3114iiakmb": {
		"definition": "spell_crit_damage_additive+1%",
		"x": -224,
		"y": -314.0785464391564,
		"root": false
	},
	"o5ui39mbjv05p0gi": {
		"definition": "spell_crit_damage_additive+1%",
		"x": -224,
		"y": -351.02896366729243,
		"root": false
	},
	"ci51i5vq2ebo8jgd": {
		"definition": "spell_crit_chance_additive+1%",
		"x": -160,
		"y": -314.0785464391564,
		"root": false
	},
	"ipm8n5nip98jphzs": {
		"definition": "spell_crit_chance_additive+1%",
		"x": -160,
		"y": -351.02896366729243,
		"root": false
	},
	"kw3mn0nk7sxuzdc6": {
		"definition": "spell_crit_chance_additive+1%",
		"x": -192,
		"y": -369.5041722813604,
		"root": false
	},
	"sk3jtocbwivl7dm6": {
		"definition": "spell_crit_chance_additive+1%",
		"x": 160,
		"y": -314.07854643915636,
		"root": false
	},
	"xjdpy462jnelmq1j": {
		"definition": "spell_crit_chance_additive+1%",
		"x": 160,
		"y": -351.02896366729243,
		"root": false
	},
	"7h9o6nkq05m1melb": {
		"definition": "spell_crit_chance_additive+1%",
		"x": 192,
		"y": -369.5041722813605,
		"root": false
	},
	"ae6o85ddrwkkzoxt": {
		"definition": "initiateWhisperedWizardry",
		"x": -192,
		"y": -36.95041722813605,
		"root": false
	},
	"m8wn2fnb3amuvbw8": {
		"definition": "jump+1%",
		"x": -224,
		"y": -18.47520861406801,
		"root": false
	},
	"c648uo3n5lg6391q": {
		"definition": "jump+1%",
		"x": -192,
		"y": 0,
		"root": false
	},
	"a3u1p5hs0ocz6nra": {
		"definition": "spell_crit_chance_additive+1%",
		"x": -160,
		"y": -18.475208614068023,
		"root": false
	},
	"q1uaxmrtmk64exww": {
		"definition": "spell_crit_chance_additive+1%",
		"x": -160,
		"y": -55.42562584220407,
		"root": false
	},
	"z76leqm64x89762p": {
		"definition": "spell_crit_chance_additive+1%",
		"x": -192,
		"y": -73.9008344562721,
		"root": false
	},
	"cihtvwczngnc17rs": {
		"definition": "jump+1%",
		"x": -224,
		"y": -55.425625842204056,
		"root": false
	},
	"k8i3irwg63fw66dl": {
		"definition": "movement_speed+1%",
		"x": -416,
		"y": -166.27687752661222,
		"root": false
	},
	"998hidniyti4ysfo": {
		"definition": "movement_speed+1%",
		"x": -384,
		"y": -184.75208614068023,
		"root": false
	},
	"2dqkxlmm9ojqcysb": {
		"definition": "movement_speed+1%",
		"x": -352,
		"y": -166.2768775266122,
		"root": false
	},
	"xjpm72drgdn0nq7c": {
		"definition": "jump+1%",
		"x": -416,
		"y": -129.32646029847618,
		"root": false
	},
	"4pdntnvoj9mlruii": {
		"definition": "jump+1%",
		"x": -384,
		"y": -110.85125168440814,
		"root": false
	},
	"0lr50um3zug1pmw0": {
		"definition": "jump+1%",
		"x": -352,
		"y": -129.32646029847615,
		"root": false
	},
	"cwcn8iu97nvoel71": {
		"definition": "resistance+1%",
		"x": 224,
		"y": -55.425625842204084,
		"root": false
	},
	"cqrbg28o4bi1fsox": {
		"definition": "resistance+1%",
		"x": 256,
		"y": -36.95041722813605,
		"root": false
	},
	"qsfo8nwehs9an7sk": {
		"definition": "resistance+1%",
		"x": 288,
		"y": -55.425625842204056,
		"root": false
	},
	"c6uucyy9rtfhicwb": {
		"definition": "melee_damage+1%",
		"x": 288,
		"y": -92.37604307034007,
		"root": false
	},
	"a1mj7k6t7lcta9l5": {
		"definition": "melee_damage+1%",
		"x": 256,
		"y": -110.85125168440811,
		"root": false
	},
	"18d39xhu1ryv7ied": {
		"definition": "melee_damage+1%",
		"x": 224,
		"y": -92.37604307034013,
		"root": false
	},
	"vt35q1gqa29spnfy": {
		"definition": "warriorBound",
		"x": -64,
		"y": 406.4545895094965,
		"root": false
	},
	"cz0v59uy0w2smd2u": {
		"definition": "jump+1%",
		"x": -64,
		"y": 369.5041722813604,
		"root": false
	},
	"a53158esyzczakd4": {
		"definition": "jump+1%",
		"x": -96,
		"y": 387.9793808954285,
		"root": false
	},
	"60e1gxdvxa5lig3n": {
		"definition": "jump+1%",
		"x": -96,
		"y": 424.9297981235646,
		"root": false
	},
	"nw7wok9tqzpcb9ag": {
		"definition": "movement_speed+1%",
		"x": -64,
		"y": 443.40500673763256,
		"root": false
	},
	"4k9060vi1frml1du": {
		"definition": "movement_speed+1%",
		"x": -32,
		"y": 424.9297981235645,
		"root": false
	},
	"fzp58k63fyf3n6pg": {
		"definition": "movement_speed+1%",
		"x": -32,
		"y": 387.97938089542845,
		"root": false
	},
	"l6ijdwtqcxegm1if": {
		"definition": "initiateOverload",
		"x": -320,
		"y": -258.6529205969523,
		"root": false
	},
	"pevp851gmjjqcrek": {
		"definition": "melee_damage+1%",
		"x": -288,
		"y": -240.17771198288432,
		"root": false
	},
	"z0qujvl3pux45m3a": {
		"definition": "melee_damage+1%",
		"x": -320,
		"y": -221.70250336881628,
		"root": false
	},
	"jujo2bq9k03fxzvq": {
		"definition": "melee_damage+1%",
		"x": -352,
		"y": -240.1777119828843,
		"root": false
	},
	"p4849ihbuzfp2afg": {
		"definition": "spell_crit_chance_additive+1%",
		"x": -288,
		"y": -277.12812921102034,
		"root": false
	},
	"cfjmnk6mp3xpu56o": {
		"definition": "spell_crit_chance_additive+1%",
		"x": -320,
		"y": -295.6033378250884,
		"root": false
	},
	"8ma4crb26q6okj6n": {
		"definition": "spell_crit_chance_additive+1%",
		"x": -352,
		"y": -277.12812921102034,
		"root": false
	},
	"4xep9ktz3a23kgmv": {
		"definition": "warriorTwinstrike",
		"x": -64,
		"y": 258.6529205969523,
		"root": false
	},
	"h15sp40tp16k7w5q": {
		"definition": "jump+1%",
		"x": -64,
		"y": 221.70250336881625,
		"root": false
	},
	"eqbl50mzqdyg4bhk": {
		"definition": "jump+1%",
		"x": -96,
		"y": 240.17771198288432,
		"root": false
	},
	"qpdd1u71m43d1qtl": {
		"definition": "jump+1%",
		"x": -96,
		"y": 277.1281292110204,
		"root": false
	},
	"1rjwka8fht2cdise": {
		"definition": "attack_speed+1%",
		"x": -64,
		"y": 295.6033378250884,
		"root": false
	},
	"i1txixitw8nukl73": {
		"definition": "attack_speed+1%",
		"x": -32,
		"y": 277.12812921102034,
		"root": false
	},
	"9c4xwsc0aj17sdfa": {
		"definition": "attack_speed+1%",
		"x": -32,
		"y": 240.17771198288426,
		"root": false
	},
	"l25y43rzg9mp48ju": {
		"definition": "warriorSwordfall",
		"x": 160,
		"y": 92.37604307034012,
		"root": false
	},
	"d16di14h5fwq8jcw": {
		"definition": "melee_damage+1%",
		"x": 192,
		"y": 73.9008344562721,
		"root": false
	},
	"ybsmw0rd6mk0sjqs": {
		"definition": "melee_damage+1%",
		"x": 160,
		"y": 55.42562584220407,
		"root": false
	},
	"1kjabez7zva9cn2i": {
		"definition": "stamina+5%",
		"x": 160,
		"y": 129.32646029847615,
		"root": false
	},
	"rnmpdwpo3ahv52sd": {
		"definition": "stamina+5%",
		"x": 128,
		"y": 110.85125168440814,
		"root": false
	},
	"0qh8o1inqh522udp": {
		"definition": "stamina+5%",
		"x": 128,
		"y": 73.9008344562721,
		"root": false
	}
}